source_id,source_type,title,publisher,url,accessed_date,relevance,notes
uta_police_page,official_web,UTA Police / Rider Support,Utah Transit Authority,https://www.rideuta.com/Rider-Info/Rider-Support,2026-03-24,"Direct statement that UTA police are state-certified officers responsible on board UTA vehicles and on UTA property; patrol monitors stations and facilities.","Primary operational scope source."
uta_acfr_2024,official_pdf,2024 Annual Comprehensive Financial Report,Utah Transit Authority,https://www.rideuta.com/-/media/Files/About-UTA/Reports/2024/2024_ACFR_Utah_Transit_Authority_FINAL.pdf,2026-03-24,"Primary source for exact named service-area localities, broader principal-county description, and governance/service-area framing.","Narrative section gives the exact named counties/cities/areas; note section gives the broader six-counties-plus-small-Juab description."
ut_code_17b_2a_822,official_statute,Utah Code Section 17B-2a-822,Utah Legislature,https://le.utah.gov/xcode/Title17B/Chapter2A/C17B-2a-S822_2022050420220504.html,2026-03-24,"Authorizes a multicounty transit district to employ law enforcement officers for the district.","Primary legal source for transit police designation in the transit-district statute."
ut_code_53_13_103,official_statute,Utah Code Section 53-13-103,Utah Legislature,https://le.utah.gov/xcode/Title53/Chapter13/C53-13-S103_2025101420251206.html,2026-03-24,"Classifies transit police officers designated under 17B-2a-822 as law enforcement officers and states general peace-officer authority rules.","Used to verify status as peace officers; not used to justify a statewide production footprint."
ut_code_17b_2a_802,official_statute,Utah Code Section 17B-2a-802,Utah Legislature,https://le.utah.gov/xcode/Title17B/Chapter2A/C17B-2a-S802_2025110620251206.html,2026-03-24,"Defines transit facility to include vehicles, stations, depots, loading/unloading zones, parking lots, rail rights-of-way/lines, and reasonable adjacent stop areas.","Key source for the exact custom footprint concept."
uta_gtfs,official_data_feed,UTA GTFS Feed,Utah Transit Authority,https://gtfsfeed.rideuta.com/GTFS.zip,2026-03-24,"Official route/stop feed for building the active transit-network geometry.","Preferred operational geometry source."
uta_schedules_maps,official_web,Schedules and Maps,Utah Transit Authority,https://www.rideuta.com/Rider-Tools/Schedules-and-Maps,2026-03-24,"Official public system maps and route maps for validating network geography and regional spread.","Useful human-readable supplement to GTFS."
uta_station_addresses,official_web,Station Addresses,Utah Transit Authority,https://www.rideuta.com/Rider-Info/Station-Addresses,2026-03-24,"Official station/location reference for rail and other station properties.","Useful supplement for station-property geometry."
uta_park_ride,official_web,Park and Ride Lots,Utah Transit Authority,https://www.rideuta.com/Rider-Info/Park-and-Ride-Lots,2026-03-24,"Official park-and-ride property reference.","Useful supplement for parking/property geometry."
