source_id,source_type,title,publisher,location,accessed_date,relevance,notes
bart_about,official_web,About BART,Bay Area Rapid Transit,https://www.bart.gov/about,2026-03-24,"Current official system-facts source stating that BART operates in five counties with 131 miles of track and 50 stations and listing the current outer service points.","Best concise official statement that Alameda County alone is too narrow."
bart_police_page,official_web,BART Police,Bay Area Rapid Transit,https://www.bart.gov/about/police,2026-03-24,"Current official police landing page stating the mission is to ensure a safe environment within the transit system and linking current police planning materials.","Useful current source that frames the policing layer around the transit system rather than a county."
bart_police_zone_map,official_web,Know Your Zone,Bay Area Rapid Transit,https://www.bart.gov/about/police/zones,2026-03-24,"Current official police map page for BART police zones.","Official mapping-oriented source that supports a systemwide police footprint."
bart_bpd_strategic_plan_2023_2027,official_pdf,BART Police Department Strategic Plan 2023-2027,Bay Area Rapid Transit,https://www.bart.gov/sites/default/files/docs/BPD%20Strategic%20Plan%20Draft%202023%20-%202027%20-%20FINAL.pdf,2026-03-24,"Current official police PDF stating that BART PD provides service 24/7 for the district and describing the district as a 131-mile, 50-station system servicing five counties.","Strongest current police-specific footprint source."
bart_police_annual_report_2017,official_pdf,BART Police Department Report,Bay Area Rapid Transit,https://www.bart.gov/sites/default/files/docs/BART%20Police%20AR%2010_16_17.pdf,2026-03-24,"Official police report stating that BART PD is the primary law-enforcement authority for the BART District's trackway, stations, and parking stalls spanning multiple counties.","Best explicit property-scope wording, though it predates the Santa Clara extension."
ca_penal_code_830_33,official_statute,California Penal Code Section 830.33,California Legislature,https://leginfo.legislature.ca.gov/faces/codes_displaySection.xhtml?lawCode=PEN&sectionNum=830.33.,2026-03-24,"Official statute tying BART peace-officer authority to district-owned, operated, or administered property and to duties involving district patrons, employees, and properties.","Core legal basis for rejecting countywide or placewide proxying."
ca_public_utilities_code_99170,official_statute,California Public Utilities Code Section 99170,California Legislature,https://leginfo.legislature.ca.gov/faces/codes_displaySection.xhtml?lawCode=PUC&sectionNum=99170.,2026-03-24,"Official statute governing conduct on transit-district property and on facilities where BART owes policing responsibilities to a local government under interagency agreement.","Important for the exact include/exclude boundary of a custom BART footprint."
local_fbi_roster_bart_rows,local_repo_evidence,2024 FBI-derived BART roster rows,local repo,/Users/uzairqadir/Projects/data-projects/national/crimerisk-clone/data/FBI-CDE-Agency-Rosters-2024/agency_rosters_2024.csv,2026-03-24,"Local roster evidence showing separate Alameda, Contra Costa, San Francisco, and San Mateo BART ORIs, with multiple county-tagged rows sharing the same Oakland-area coordinate.","Direct evidence that county tags are administrative slices, not separate local patrol geographies."
local_bart_anchor_validation,local_repo_evidence,ORI validation and place-anchor evidence for BART rows,local repo,/Users/uzairqadir/Projects/data-projects/national/crimerisk-clone/data/FBI-CDE-Agency-Rosters-2024/validation/ori_source_validation_2024.csv | /Users/uzairqadir/Projects/data-projects/national/crimerisk-clone/state/review/provisional_local_agency_matches.csv,2026-03-24,"Local validation evidence showing repeated place_fips 53000 across multiple BART county-tagged rows and decoding 53000 as Oakland.","Useful for showing why the Oakland anchor is an administrative heuristic rather than a defensible production place footprint."
