ori9,ori7,year,source,source_family,source_origin,raw_data_source,source_lane,reporting_mode,conversion_status,state_exception_flag,cius_reference_flag,offense,count,observation_weight,quality_tier,months_reported,months_missing,monthly_lumpiness_flag,reported_months_original,annual_batch_detected,annual_batch_detector_reason,annual_batch_panel_median_full_year_total,annual_batch_panel_max_full_year_total,annual_batch_absolute_total_flag,annual_batch_panel_median_flag,annual_part1_total,monthly_part1_total,monthly_row_count,nonzero_months,max_month_share,annual_month_diff_ratio,state_fips,state_abbr,county_fips,place_fips,population,agency_name_raw,agency_name_std,agency_type_raw,agency_type_norm,crosswalk_agency_name,census_name,manual_review_flag
AZ0021300,AZ00213,2019,srs_return_a_annual,summary_annual,srs,kaplan_openicpsr_srs_return_a,reported_srs_summary,annual_summary,as_released_return_a,False,False,rape,-1.0,1.0,high,12.0,,False,12.0,False,,122.0,143.0,False,False,133.0,133.0,12.0,12.0,0.13533834586466165,0.0,04,AZ,003,83090,3507.0,willcox,WILLCOX,local police department,local_police,willcox department of public safety,willcox city,False
AZ0080300,AZ00803,2018,srs_return_a_annual,summary_annual,srs,kaplan_openicpsr_srs_return_a,reported_srs_summary,annual_summary,as_released_return_a,False,False,motor_vehicle_theft,-1.0,1.0,high,12.0,,False,12.0,False,,25.0,25.0,False,False,37.0,37.0,12.0,10.0,0.16216216216216217,0.0,04,AZ,015,47400,0.0,fort mojave tribal,FORT MOJAVE TRIBAL,local police department,local_police,fort mohave tribal police department,fort mojave tribe of arizona,False
AZ0110700,AZ01107,2020,srs_return_a_annual,summary_annual,srs,kaplan_openicpsr_srs_return_a,reported_srs_summary,annual_summary,as_released_return_a,False,False,rape,-1.0,1.0,high,12.0,,False,12.0,False,,132.0,136.0,False,False,97.0,97.0,12.0,12.0,0.16494845360824742,0.0,04,AZ,021,23760,27571.0,florence,FLORENCE,local police department,local_police,florence police department,florence town,False
AZ0130000,AZ01300,2019,srs_return_a_annual,summary_annual,srs,kaplan_openicpsr_srs_return_a,reported_srs_summary,annual_summary,as_released_return_a,False,False,rape,-1.0,1.0,high,12.0,,False,12.0,False,,886.5,1052.0,False,False,1052.0,1052.0,12.0,12.0,0.10931558935361217,0.0,04,AZ,025,99025,96217.0,yavapai,YAVAPAI,sheriffs office,sheriff,yavapai county sheriff's office,yavapai county,False
AZ0130100,AZ01301,2020,srs_return_a_annual,summary_annual,srs,kaplan_openicpsr_srs_return_a,reported_srs_summary,annual_summary,as_released_return_a,False,False,motor_vehicle_theft,-1.0,1.0,high,12.0,,False,12.0,False,,36.0,47.0,False,False,28.0,28.0,12.0,12.0,0.17857142857142858,0.0,04,AZ,025,13890,4433.0,clarkdale,CLARKDALE,local police department,local_police,clarkdale police department,clarkdale town,False
GA0360000,GA03600,2019,srs_return_a_annual,summary_annual,srs,kaplan_openicpsr_srs_return_a,reported_srs_summary,annual_summary,as_released_return_a,False,False,rape,-1.0,0.8,medium,10.0,,False,10.0,False,,316.5,1171.0,False,False,676.0,676.0,12.0,5.0,0.23224852071005916,0.0,13,GA,073,99073,139963.0,columbia,COLUMBIA,sheriffs office,sheriff,columbia county sheriff's office,columbia county,False
GA0671000,GA06710,2018,srs_return_a_annual,summary_annual,srs,kaplan_openicpsr_srs_return_a,reported_srs_summary,annual_summary,as_released_return_a,False,False,robbery,-1.0,1.0,high,12.0,,False,12.0,False,,154.0,200.0,False,False,168.0,168.0,12.0,11.0,0.14285714285714285,0.0,13,GA,135,99135,0.0,gwinnett co pub schools,GWINNETT CO PUB SCHOOLS,special jurisdiction,special_jurisdiction,gwinnett county school police,gwinnett county,False
GA0730100,GA07301,2018,srs_return_a_annual,summary_annual,srs,kaplan_openicpsr_srs_return_a,reported_srs_summary,annual_summary,as_released_return_a,False,False,rape,-1.0,1.0,high,12.0,,False,12.0,False,,235.0,312.0,False,False,239.0,239.0,12.0,12.0,0.16736401673640167,0.0,13,GA,147,37144,4468.0,hartwell,HARTWELL,local police department,local_police,hartwell police department,hartwell city,False
IN0180500,IN01805,2019,srs_return_a_annual,summary_annual,srs,kaplan_openicpsr_srs_return_a,reported_srs_summary,annual_summary,as_released_return_a,False,False,motor_vehicle_theft,-1.0,1.0,high,12.0,,False,12.0,False,,197.5,247.0,False,False,246.0,246.0,12.0,12.0,0.1991869918699187,0.0,18,IN,035,51876,0.0,ball state university,BALL STATE UNIVERSITY,special jurisdiction,special_jurisdiction,ball state university police department,state of indiana,False
IN0530000,IN05300,2019,srs_return_a_annual,summary_annual,srs,kaplan_openicpsr_srs_return_a,reported_srs_summary,annual_summary,as_released_return_a,False,False,rape,-4.0,0.8,medium,10.0,,False,10.0,False,,485.0,594.0,False,False,450.0,450.0,12.0,10.0,0.1288888888888889,0.0,18,IN,105,99105,56015.0,monroe,MONROE,sheriffs office,sheriff,monroe county sheriff's office,monroe county,False
IN0890400,IN08904,2018,srs_return_a_annual,summary_annual,srs,kaplan_openicpsr_srs_return_a,reported_srs_summary,annual_summary,as_released_return_a,False,False,burglary,-2.0,0.8,medium,10.0,,False,10.0,False,,15.0,15.0,False,False,6.0,6.0,12.0,6.0,0.3333333333333333,0.0,18,IN,177,30402,1678.0,hagerstown,HAGERSTOWN,local police department,local_police,hagerstown police,hagerstown town,False
MD0221100,MD02211,2019,srs_return_a_annual,summary_annual,srs,kaplan_openicpsr_srs_return_a,reported_srs_summary,annual_summary,as_released_return_a,False,False,larceny,-1.0,1.0,high,12.0,,False,12.0,False,,3.0,3.0,False,False,0.0,0.0,12.0,1.0,,,24,MD,043,36075,0.0,hagerstown community col,HAGERSTOWN COMMUNITY COL,special jurisdiction,special_jurisdiction,hagerstown community college police,state of maryland,False
ME0050200,ME00502,2018,srs_return_a_annual,summary_annual,srs,kaplan_openicpsr_srs_return_a,reported_srs_summary,annual_summary,as_released_return_a,False,False,motor_vehicle_theft,-1.0,1.0,high,12.0,,False,12.0,False,,233.0,316.0,False,False,187.0,187.0,12.0,12.0,0.1443850267379679,0.0,23,ME,009,23200,8008.0,ellsworth,ELLSWORTH,local police department,local_police,ellsworth police department,ellsworth city,False
ME0070300,ME00703,2018,srs_return_a_annual,summary_annual,srs,kaplan_openicpsr_srs_return_a,reported_srs_summary,annual_summary,as_released_return_a,False,False,rape,-1.0,1.0,high,12.0,,False,12.0,False,,65.0,93.0,False,False,44.0,44.0,12.0,11.0,0.20454545454545456,0.0,23,ME,013,76365,2772.0,thomaston,THOMASTON,local police department,local_police,thomaston police department,thomaston town,False
MO0330000,MO03300,2018,srs_return_a_annual,summary_annual,srs,kaplan_openicpsr_srs_return_a,reported_srs_summary,annual_summary,as_released_return_a,False,False,rape,-1.0,1.0,high,12.0,,False,12.0,False,,82.0,113.0,False,False,69.0,69.0,12.0,12.0,0.15942028985507245,0.0,29,MO,065,99065,10358.0,dent,DENT,sheriffs office,sheriff,dent county sheriff's office,dent county,False
MO0942100,MO09421,2018,srs_return_a_annual,summary_annual,srs,kaplan_openicpsr_srs_return_a,reported_srs_summary,annual_summary,as_released_return_a,False,False,burglary,-1.0,0.25,sparse,2.0,,False,2.0,False,,,,False,False,2.0,2.0,12.0,1.0,1.5,0.0,29,MO,187,35450,752.0,iron mountain lake,IRON MOUNTAIN LAKE,local police department,local_police,iron mountain lake police department,iron mountain lake city,False
NJ0130500,NJ01305,2020,srs_return_a_annual,summary_annual,srs,kaplan_openicpsr_srs_return_a,reported_srs_summary,annual_summary,as_released_return_a,False,False,aggravated_assault,-1.0,0.8,medium,10.0,,False,10.0,False,,24.0,53.0,False,False,22.0,22.0,12.0,10.0,0.2727272727272727,0.0,34,NJ,025,02110,4348.0,atlantic highlands,ATLANTIC HIGHLANDS,local police department,local_police,atlantic highlands police,atlantic highlands borough,False
OH0771900,OH07719,2019,srs_return_a_annual,summary_annual,srs,kaplan_openicpsr_srs_return_a,reported_srs_summary,annual_summary,as_released_return_a,False,False,rape,-1.0,1.0,high,12.0,,False,12.0,False,,9.0,10.0,False,False,9.0,9.0,12.0,8.0,0.2222222222222222,0.0,39,OH,153,66152,4528.0,reminderville,REMINDERVILLE,local police department,local_police,reminderville police department,reminderville village,False
PA0031000,PA00310,2018,srs_return_a_annual,summary_annual,srs,kaplan_openicpsr_srs_return_a,reported_srs_summary,annual_summary,as_released_return_a,False,False,aggravated_assault,-1.0,0.25,sparse,4.0,,False,4.0,False,,,,False,False,-1.0,-1.0,12.0,0.0,,,42,PA,005,58160,2571.0,parks township,PARKS TOWNSHIP,local police department,local_police,parks township police department,parks township,False
PA0150300,PA01503,2019,srs_return_a_annual,summary_annual,srs,kaplan_openicpsr_srs_return_a,reported_srs_summary,annual_summary,as_released_return_a,False,False,rape,-1.0,0.8,medium,11.0,,False,11.0,False,,,,False,False,41.0,41.0,12.0,11.0,0.2682926829268293,0.0,42,PA,029,21928,10668.0,easttown township,EASTTOWN TOWNSHIP,local police department,local_police,easttown township police department,easttown township,False
PA0233900,PA02339,2019,srs_return_a_annual,summary_annual,srs,kaplan_openicpsr_srs_return_a,reported_srs_summary,annual_summary,as_released_return_a,False,False,rape,-1.0,0.5,low,8.0,,False,8.0,False,,364.0,364.0,False,False,269.0,269.0,12.0,8.0,0.1821561338289963,0.0,42,PA,045,86968,11474.0,yeadon,YEADON,local police department,local_police,yeadon borough police department,yeadon borough,False
PA0402100,PA04021,2018,srs_return_a_annual,summary_annual,srs,kaplan_openicpsr_srs_return_a,reported_srs_summary,annual_summary,as_released_return_a,False,False,rape,-1.0,1.0,high,12.0,,False,12.0,False,,145.0,154.0,False,False,186.0,186.0,12.0,12.0,0.14516129032258066,0.0,42,PA,079,61120,9725.0,plains township,PLAINS TOWNSHIP,local police department,local_police,plains township police department,plains township,False
PA0464900,PA04649,2018,srs_return_a_annual,summary_annual,srs,kaplan_openicpsr_srs_return_a,reported_srs_summary,annual_summary,as_released_return_a,False,False,rape,-2.0,1.0,high,12.0,,False,12.0,False,,42.0,42.0,False,False,56.0,56.0,12.0,11.0,0.14285714285714285,0.0,42,PA,091,19672,10644.0,douglass township,DOUGLASS TOWNSHIP,local police department,local_police,douglass township police department,douglass township,False
PA0484800,PA04848,2019,srs_return_a_annual,summary_annual,srs,kaplan_openicpsr_srs_return_a,reported_srs_summary,annual_summary,as_released_return_a,False,False,rape,-1.0,0.8,medium,11.0,,False,11.0,False,,122.0,125.0,False,False,136.0,136.0,12.0,11.0,0.21323529411764705,0.0,42,PA,095,,12506.0,slate belt regional,SLATE BELT REGIONAL,,local_police,,,False
PA0640300,PA06403,2018,srs_return_a_annual,summary_annual,srs,kaplan_openicpsr_srs_return_a,reported_srs_summary,annual_summary,as_released_return_a,False,False,motor_vehicle_theft,-1.0,0.5,low,7.0,,False,7.0,False,,,,False,False,4.0,4.0,12.0,4.0,0.25,0.0,42,PA,127,81712,1264.0,waymart,WAYMART,local police department,local_police,waymart police dept,waymart borough,False
RIDI00300,RIDI003,2019,srs_return_a_annual,summary_annual,srs,kaplan_openicpsr_srs_return_a,reported_srs_summary,annual_summary,as_released_return_a,False,False,burglary,-4.0,0.8,medium,11.0,,False,11.0,False,,,,False,False,-4.0,-4.0,12.0,0.0,,,44,RI,009,14320,0.0,narragansett tribal,NARRAGANSETT TRIBAL,local police department,local_police,narragansett indian tribal police,narrangansett indian tribe,False
TX0800000,TX08000,2019,srs_return_a_annual,summary_annual,srs,kaplan_openicpsr_srs_return_a,reported_srs_summary,annual_summary,as_released_return_a,False,False,robbery,-1.0,0.8,medium,10.0,,False,10.0,False,,52.0,68.0,False,False,32.0,32.0,12.0,9.0,0.21875,0.0,48,TX,159,99159,10020.0,franklin,FRANKLIN,sheriffs office,sheriff,franklin county sheriff's office,franklin county,False
WADI00800,WADI008,2018,srs_return_a_annual,summary_annual,srs,kaplan_openicpsr_srs_return_a,reported_srs_summary,annual_summary,as_released_return_a,False,False,rape,-1.0,0.5,low,9.0,,False,9.0,False,,,,False,False,38.0,38.0,12.0,9.0,0.2894736842105263,0.0,53,WA,067,51300,0.0,nisqually tribal,NISQUALLY TRIBAL,special jurisdiction,special_jurisdiction,nisqually tribal police dept - fisheries division,nisqually indian community,False
WY0050200,WY00502,2018,srs_return_a_annual,summary_annual,srs,kaplan_openicpsr_srs_return_a,reported_srs_summary,annual_summary,as_released_return_a,False,False,rape,-1.0,0.8,medium,10.0,,False,10.0,False,,21.0,23.0,False,False,18.0,18.0,12.0,9.0,0.2222222222222222,0.0,56,WY,009,32435,2584.0,glenrock,GLENROCK,local police department,local_police,glenrock police dept,glenrock town,False
