ori9,ori7,state_fips,state_abbr,agency_name_raw,agency_name_std,agency_type_raw,agency_type_norm,source_presence_srs,source_presence_nibrs,srs_years,nibrs_years,srs_year_count,nibrs_year_count,latest_srs_year,latest_nibrs_year,latest_srs_part1_total,latest_srs_months_reported,latest_srs_months_missing,population_latest_nibrs,name_alias_group,manual_review_flag
CA0349950,CA03499,06,CA,Highway Patrol: North Sacramento Area Office,HIGHWAY PATROL NORTH SACRAMENTO AREA OFFICE,State Police,state_law_enforcement,False,True,,2024,,1,,2024,,,,,HIGHWAY PATROL NORTH SACRAMENTO AREA OFFICE,False
CA0349952,CA03499,06,CA,Highway Patrol: South Sacramento Area Office,HIGHWAY PATROL SOUTH SACRAMENTO AREA OFFICE,State Police,state_law_enforcement,False,True,,2024,,1,,2024,,,,,HIGHWAY PATROL SOUTH SACRAMENTO AREA OFFICE,False
CA0079920,CA00799,06,CA,Highway Patrol: Contra Costa Area Office,HIGHWAY PATROL CONTRA COSTA AREA OFFICE,State Police,state_law_enforcement,False,True,,2024,,1,,2024,,,,,HIGHWAY PATROL CONTRA COSTA AREA OFFICE,False
CA0019970,CA00199,06,CA,Highway Patrol: Oakland Area Office,HIGHWAY PATROL OAKLAND AREA OFFICE,State Police,state_law_enforcement,False,True,,2024,,1,,2024,,,,,HIGHWAY PATROL OAKLAND AREA OFFICE,False
CA0509965,CA05099,06,CA,Highway Patrol: Modesto Area Office,HIGHWAY PATROL MODESTO AREA OFFICE,State Police,state_law_enforcement,False,True,,2024,,1,,2024,,,,,HIGHWAY PATROL MODESTO AREA OFFICE,False
CA028090X,CA02809,06,CA,American Canyon Police Department,AMERICAN CANYON POLICE DEPARTMENT,City,local_police,False,True,,2024,,1,,2024,,,,,AMERICAN CANYON POLICE DEPARTMENT,False
CA0399965,CA03999,06,CA,Highway Patrol: Stockton Area Office,HIGHWAY PATROL STOCKTON AREA OFFICE,State Police,state_law_enforcement,False,True,,2024,,1,,2024,,,,,HIGHWAY PATROL STOCKTON AREA OFFICE,False
CA0549980,CA05499,06,CA,Highway Patrol: Visalia Area Office,HIGHWAY PATROL VISALIA AREA OFFICE,State Police,state_law_enforcement,False,True,,2024,,1,,2024,,,,,HIGHWAY PATROL VISALIA AREA OFFICE,False
CA0179951,CA01799,06,CA,Highway Patrol: Clear Lake Area Office,HIGHWAY PATROL CLEAR LAKE AREA OFFICE,State Police,state_law_enforcement,False,True,,2024,,1,,2024,,,,,HIGHWAY PATROL CLEAR LAKE AREA OFFICE,False
CA0449920,CA04499,06,CA,Highway Patrol: Santa Cruz Area Office,HIGHWAY PATROL SANTA CRUZ AREA OFFICE,State Police,state_law_enforcement,False,True,,2024,,1,,2024,,,,,HIGHWAY PATROL SANTA CRUZ AREA OFFICE,False
CA0019945,CA00199,06,CA,Highway Patrol: Hayward Area Office,HIGHWAY PATROL HAYWARD AREA OFFICE,State Police,state_law_enforcement,False,True,,2024,,1,,2024,,,,,HIGHWAY PATROL HAYWARD AREA OFFICE,False
CA0159920,CA01599,06,CA,Highway Patrol: Bakersfield Area Office,HIGHWAY PATROL BAKERSFIELD AREA OFFICE,State Police,state_law_enforcement,False,True,,2024,,1,,2024,,,,,HIGHWAY PATROL BAKERSFIELD AREA OFFICE,False
CA0519985,CA05199,06,CA,Highway Patrol: Yuba-Sutter Area Office,HIGHWAY PATROL YUBA SUTTER AREA OFFICE,State Police,state_law_enforcement,False,True,,2024,,1,,2024,,,,,HIGHWAY PATROL YUBA SUTTER AREA OFFICE,False
CA0349960,CA03499,06,CA,Highway Patrol: East Sacramento Area Office,HIGHWAY PATROL EAST SACRAMENTO AREA OFFICE,State Police,state_law_enforcement,False,True,,2024,,1,,2024,,,,,HIGHWAY PATROL EAST SACRAMENTO AREA OFFICE,False
CA0529930,CA05299,06,CA,Highway Patrol: Red Bluff Area Office,HIGHWAY PATROL RED BLUFF AREA OFFICE,State Police,state_law_enforcement,False,True,,2024,,1,,2024,,,,,HIGHWAY PATROL RED BLUFF AREA OFFICE,False
CA0499960,CA04999,06,CA,Highway Patrol: Santa Rosa Area Office,HIGHWAY PATROL SANTA ROSA AREA OFFICE,State Police,state_law_enforcement,False,True,,2024,,1,,2024,,,,,HIGHWAY PATROL SANTA ROSA AREA OFFICE,False
CA0129925,CA01299,06,CA,Highway Patrol: Humboldt Area Office,HIGHWAY PATROL HUMBOLDT AREA OFFICE,State Police,state_law_enforcement,False,True,,2024,,1,,2024,,,,,HIGHWAY PATROL HUMBOLDT AREA OFFICE,False
CA0549981,CA05499,06,CA,Highway Patrol: Porterville Area Office,HIGHWAY PATROL PORTERVILLE AREA OFFICE,State Police,state_law_enforcement,False,True,,2024,,1,,2024,,,,,HIGHWAY PATROL PORTERVILLE AREA OFFICE,False
CA0049940,CA00499,06,CA,Highway Patrol: Oroville Area Office,HIGHWAY PATROL OROVILLE AREA OFFICE,State Police,state_law_enforcement,False,True,,2024,,1,,2024,,,,,HIGHWAY PATROL OROVILLE AREA OFFICE,False
CA0099945,CA00999,06,CA,Highway Patrol: Placerville Area Office,HIGHWAY PATROL PLACERVILLE AREA OFFICE,State Police,state_law_enforcement,False,True,,2024,,1,,2024,,,,,HIGHWAY PATROL PLACERVILLE AREA OFFICE,False
CA0319920,CA03199,06,CA,Highway Patrol: Auburn Area Office,HIGHWAY PATROL AUBURN AREA OFFICE,State Police,state_law_enforcement,False,True,,2024,,1,,2024,,,,,HIGHWAY PATROL AUBURN AREA OFFICE,False
CA0109935,CA01099,06,CA,Highway Patrol: Fresno Area Office,HIGHWAY PATROL FRESNO AREA OFFICE,State Police,state_law_enforcement,False,True,,2024,,1,,2024,,,,,HIGHWAY PATROL FRESNO AREA OFFICE,False
CA0199935,CA01999,06,CA,Highway Patrol: East Los Angeles Area Office,HIGHWAY PATROL EAST LOS ANGELES AREA OFFICE,State Police,state_law_enforcement,False,True,,2024,,1,,2024,,,,,HIGHWAY PATROL EAST LOS ANGELES AREA OFFICE,False
CA0239950,CA02399,06,CA,Highway Patrol: Ukiah Area Office,HIGHWAY PATROL UKIAH AREA OFFICE,State Police,state_law_enforcement,False,True,,2024,,1,,2024,,,,,HIGHWAY PATROL UKIAH AREA OFFICE,False
CA0199940,CA01999,06,CA,Highway Patrol: Newhall Area Office,HIGHWAY PATROL NEWHALL AREA OFFICE,State Police,state_law_enforcement,False,True,,2024,,1,,2024,,,,,HIGHWAY PATROL NEWHALL AREA OFFICE,False
CA0059955,CA00599,06,CA,Highway Patrol: San Andreas Area Office,HIGHWAY PATROL SAN ANDREAS AREA OFFICE,State Police,state_law_enforcement,False,True,,2024,,1,,2024,,,,,HIGHWAY PATROL SAN ANDREAS AREA OFFICE,False
CA0209950,CA02099,06,CA,Highway Patrol: Madera Area Office,HIGHWAY PATROL MADERA AREA OFFICE,State Police,state_law_enforcement,False,True,,2024,,1,,2024,,,,,HIGHWAY PATROL MADERA AREA OFFICE,False
CA0219950,CA02199,06,CA,Highway Patrol: Marin Area Office,HIGHWAY PATROL MARIN AREA OFFICE,State Police,state_law_enforcement,False,True,,2024,,1,,2024,,,,,HIGHWAY PATROL MARIN AREA OFFICE,False
CA0249960,CA02499,06,CA,Highway Patrol: Merced Area Office,HIGHWAY PATROL MERCED AREA OFFICE,State Police,state_law_enforcement,False,True,,2024,,1,,2024,,,,,HIGHWAY PATROL MERCED AREA OFFICE,False
CA0289925,CA02899,06,CA,Highway Patrol: Napa Area Office,HIGHWAY PATROL NAPA AREA OFFICE,State Police,state_law_enforcement,False,True,,2024,,1,,2024,,,,,HIGHWAY PATROL NAPA AREA OFFICE,False
CA0459935,CA04599,06,CA,Highway Patrol: Redding Area Office,HIGHWAY PATROL REDDING AREA OFFICE,State Police,state_law_enforcement,False,True,,2024,,1,,2024,,,,,HIGHWAY PATROL REDDING AREA OFFICE,False
CA0299930,CA02999,06,CA,Highway Patrol: Grass Valley Area Office,HIGHWAY PATROL GRASS VALLEY AREA OFFICE,State Police,state_law_enforcement,False,True,,2024,,1,,2024,,,,,HIGHWAY PATROL GRASS VALLEY AREA OFFICE,False
CA0089920,CA00899,06,CA,Highway Patrol: Crescent City Area Office,HIGHWAY PATROL CRESCENT CITY AREA OFFICE,State Police,state_law_enforcement,False,True,,2024,,1,,2024,,,,,HIGHWAY PATROL CRESCENT CITY AREA OFFICE,False
CA0139925,CA01399,06,CA,Highway Patrol: El Centro Area Office,HIGHWAY PATROL EL CENTRO AREA OFFICE,State Police,state_law_enforcement,False,True,,2024,,1,,2024,,,,,HIGHWAY PATROL EL CENTRO AREA OFFICE,False
CA0369950,CA03699,06,CA,Highway Patrol: Victorville Area Office,HIGHWAY PATROL VICTORVILLE AREA OFFICE,State Police,state_law_enforcement,False,True,,2024,,1,,2024,,,,,HIGHWAY PATROL VICTORVILLE AREA OFFICE,False
CA0199925,CA01999,06,CA,Highway Patrol: Baldwin Park Area Office,HIGHWAY PATROL BALDWIN PARK AREA OFFICE,State Police,state_law_enforcement,False,True,,2024,,1,,2024,,,,,HIGHWAY PATROL BALDWIN PARK AREA OFFICE,False
CA0309970,CA03099,06,CA,Highway Patrol: Westminster Area Office,HIGHWAY PATROL WESTMINSTER AREA OFFICE,State Police,state_law_enforcement,False,True,,2024,,1,,2024,,,,,HIGHWAY PATROL WESTMINSTER AREA OFFICE,False
CA0049941,CA00499,06,CA,Highway Patrol: Chico Area Office,HIGHWAY PATROL CHICO AREA OFFICE,State Police,state_law_enforcement,False,True,,2024,,1,,2024,,,,,HIGHWAY PATROL CHICO AREA OFFICE,False
CA0209956,CA02099,06,CA,Highway Patrol: Oakhurst Area Office,HIGHWAY PATROL OAKHURST AREA OFFICE,State Police,state_law_enforcement,False,True,,2024,,1,,2024,,,,,HIGHWAY PATROL OAKHURST AREA OFFICE,False
CA0199950,CA01999,06,CA,Highway Patrol: Santa Fe Springs Area Office,HIGHWAY PATROL SANTA FE SPRINGS AREA OFFICE,State Police,state_law_enforcement,False,True,,2024,,1,,2024,,,,,HIGHWAY PATROL SANTA FE SPRINGS AREA OFFICE,False
CA0279930,CA02799,06,CA,Highway Patrol: Monterey Area Office,HIGHWAY PATROL MONTEREY AREA OFFICE,State Police,state_law_enforcement,False,True,,2024,,1,,2024,,,,,HIGHWAY PATROL MONTEREY AREA OFFICE,False
CA0429950,CA04299,06,CA,Highway Patrol: Santa Maria Area Office,HIGHWAY PATROL SANTA MARIA AREA OFFICE,State Police,state_law_enforcement,False,True,,2024,,1,,2024,,,,,HIGHWAY PATROL SANTA MARIA AREA OFFICE,False
CA0341201,CA03412,06,CA,California State Parks: Gold Fields,CALIFORNIA STATE PARKS GOLD FIELDS,Other State Agency,state_law_enforcement,False,True,,2024,,1,,2024,,,,,CALIFORNIA STATE PARKS GOLD FIELDS,False
CA0129926,CA01299,06,CA,Highway Patrol: Garberville Area Office,HIGHWAY PATROL GARBERVILLE AREA OFFICE,State Police,state_law_enforcement,False,True,,2024,,1,,2024,,,,,HIGHWAY PATROL GARBERVILLE AREA OFFICE,False
CA0369930,CA03699,06,CA,Highway Patrol: Barstow Area Office,HIGHWAY PATROL BARSTOW AREA OFFICE,State Police,state_law_enforcement,False,True,,2024,,1,,2024,,,,,HIGHWAY PATROL BARSTOW AREA OFFICE,False
CA0199930,CA01999,06,CA,Highway Patrol: South Los Angeles Area Office,HIGHWAY PATROL SOUTH LOS ANGELES AREA OFFICE,State Police,state_law_enforcement,False,True,,2024,,1,,2024,,,,,HIGHWAY PATROL SOUTH LOS ANGELES AREA OFFICE,False
CA0439940,CA04399,06,CA,Highway Patrol: San Jose Area Office,HIGHWAY PATROL SAN JOSE AREA OFFICE,State Police,state_law_enforcement,False,True,,2024,,1,,2024,,,,,HIGHWAY PATROL SAN JOSE AREA OFFICE,False
CA0429960,CA04299,06,CA,Highway Patrol: Santa Barbara Area Office,HIGHWAY PATROL SANTA BARBARA AREA OFFICE,State Police,state_law_enforcement,False,True,,2024,,1,,2024,,,,,HIGHWAY PATROL SANTA BARBARA AREA OFFICE,False
CA0019990,CA00199,06,CA,Highway Patrol: Dublin Area Office,HIGHWAY PATROL DUBLIN AREA OFFICE,State Police,state_law_enforcement,False,True,,2024,,1,,2024,,,,,HIGHWAY PATROL DUBLIN AREA OFFICE,False
CA0249961,CA02499,06,CA,Highway Patrol: Los Banos Area Office,HIGHWAY PATROL LOS BANOS AREA OFFICE,State Police,state_law_enforcement,False,True,,2024,,1,,2024,,,,,HIGHWAY PATROL LOS BANOS AREA OFFICE,False
CA0379950,CA03799,06,CA,Highway Patrol: Oceanside Area Office,HIGHWAY PATROL OCEANSIDE AREA OFFICE,State Police,state_law_enforcement,False,True,,2024,,1,,2024,,,,,HIGHWAY PATROL OCEANSIDE AREA OFFICE,False
CA0199990,CA01999,06,CA,Highway Patrol: Central Los Angeles Area Office,HIGHWAY PATROL CENTRAL LOS ANGELES AREA OFFICE,State Police,state_law_enforcement,False,True,,2024,,1,,2024,,,,,HIGHWAY PATROL CENTRAL LOS ANGELES AREA OFFICE,False
CA0539975,CA05399,06,CA,Highway Patrol: Trinity River Area Office,HIGHWAY PATROL TRINITY RIVER AREA OFFICE,State Police,state_law_enforcement,False,True,,2024,,1,,2024,,,,,HIGHWAY PATROL TRINITY RIVER AREA OFFICE,False
CA010015M,CA01001,06,CA,Coalinga State Hospital,COALINGA STATE HOSPITAL,Other State Agency,state_law_enforcement,False,True,,2024,,1,,2024,,,,,COALINGA STATE HOSPITAL,False
CA0119960,CA01199,06,CA,Highway Patrol: Willows Area Office,HIGHWAY PATROL WILLOWS AREA OFFICE,State Police,state_law_enforcement,False,True,,2024,,1,,2024,,,,,HIGHWAY PATROL WILLOWS AREA OFFICE,False
CA0199965,CA01999,06,CA,Highway Patrol: West Los Angeles Area Office,HIGHWAY PATROL WEST LOS ANGELES AREA OFFICE,State Police,state_law_enforcement,False,True,,2024,,1,,2024,,,,,HIGHWAY PATROL WEST LOS ANGELES AREA OFFICE,False
CA0199975,CA01999,06,CA,Highway Patrol: Altadena Area Office,HIGHWAY PATROL ALTADENA AREA OFFICE,State Police,state_law_enforcement,False,True,,2024,,1,,2024,,,,,HIGHWAY PATROL ALTADENA AREA OFFICE,False
CA0429955,CA04299,06,CA,Highway Patrol: Buellton Area Office,HIGHWAY PATROL BUELLTON AREA OFFICE,State Police,state_law_enforcement,False,True,,2024,,1,,2024,,,,,HIGHWAY PATROL BUELLTON AREA OFFICE,False
CA0199980,CA01999,06,CA,Highway Patrol: West Valley Area Office,HIGHWAY PATROL WEST VALLEY AREA OFFICE,State Police,state_law_enforcement,False,True,,2024,,1,,2024,,,,,HIGHWAY PATROL WEST VALLEY AREA OFFICE,False
CA0409940,CA04099,06,CA,Highway Patrol: Templeton Area Office,HIGHWAY PATROL TEMPLETON AREA OFFICE,State Police,state_law_enforcement,False,True,,2024,,1,,2024,,,,,HIGHWAY PATROL TEMPLETON AREA OFFICE,False
CA0579980,CA05799,06,CA,Highway Patrol: Woodland Area Office,HIGHWAY PATROL WOODLAND AREA OFFICE,State Police,state_law_enforcement,False,True,,2024,,1,,2024,,,,,HIGHWAY PATROL WOODLAND AREA OFFICE,False
CA0039995,CA00399,06,CA,Highway Patrol: Amador Area Office,HIGHWAY PATROL AMADOR AREA OFFICE,State Police,state_law_enforcement,False,True,,2024,,1,,2024,,,,,HIGHWAY PATROL AMADOR AREA OFFICE,False
CA0489965,CA04899,06,CA,Highway Patrol: Solano Area Office,HIGHWAY PATROL SOLANO AREA OFFICE,State Police,state_law_enforcement,False,True,,2024,,1,,2024,,,,,HIGHWAY PATROL SOLANO AREA OFFICE,False
CA0159926,CA01599,06,CA,Highway Patrol: Buttonwillow Area Office,HIGHWAY PATROL BUTTONWILLOW AREA OFFICE,State Police,state_law_enforcement,False,True,,2024,,1,,2024,,,,,HIGHWAY PATROL BUTTONWILLOW AREA OFFICE,False
CA0439925,CA04399,06,CA,Highway Patrol: Hollister-Gilroy Area Office,HIGHWAY PATROL HOLLISTER GILROY AREA OFFICE,State Police,state_law_enforcement,False,True,,2024,,1,,2024,,,,,HIGHWAY PATROL HOLLISTER GILROY AREA OFFICE,False
CA040015M,CA04001,06,CA,Atascadero State Hospital,ATASCADERO STATE HOSPITAL,Other State Agency,state_law_enforcement,False,True,,2024,,1,,2024,,,,,ATASCADERO STATE HOSPITAL,False
CA0479945,CA04799,06,CA,Highway Patrol: Yreka Area Office,HIGHWAY PATROL YREKA AREA OFFICE,State Police,state_law_enforcement,False,True,,2024,,1,,2024,,,,,HIGHWAY PATROL YREKA AREA OFFICE,False
CA028100X,CA02810,06,CA,Yountville Police Department,YOUNTVILLE POLICE DEPARTMENT,City,local_police,False,True,,2024,,1,,2024,,,,,YOUNTVILLE POLICE DEPARTMENT,False
CA0389935,CA03899,06,CA,Highway Patrol: San Francisco Area Office,HIGHWAY PATROL SAN FRANCISCO AREA OFFICE,State Police,state_law_enforcement,False,True,,2024,,1,,2024,,,,,HIGHWAY PATROL SAN FRANCISCO AREA OFFICE,False
CA0229955,CA02299,06,CA,Highway Patrol: Mariposa Area Office,HIGHWAY PATROL MARIPOSA AREA OFFICE,State Police,state_law_enforcement,False,True,,2024,,1,,2024,,,,,HIGHWAY PATROL MARIPOSA AREA OFFICE,False
CA0369955,CA03699,06,CA,Highway Patrol: Rancho Cucamonga Area Office,HIGHWAY PATROL RANCHO CUCAMONGA AREA OFFICE,State Police,state_law_enforcement,False,True,,2024,,1,,2024,,,,,HIGHWAY PATROL RANCHO CUCAMONGA AREA OFFICE,False
CA0099946,CA00999,06,CA,Highway Patrol: South Lake Tahoe Area Office,HIGHWAY PATROL SOUTH LAKE TAHOE AREA OFFICE,State Police,state_law_enforcement,False,True,,2024,,1,,2024,,,,,HIGHWAY PATROL SOUTH LAKE TAHOE AREA OFFICE,False
CA0479946,CA04799,06,CA,Highway Patrol: Mount Shasta Area Office,HIGHWAY PATROL MOUNT SHASTA AREA OFFICE,State Police,state_law_enforcement,False,True,,2024,,1,,2024,,,,,HIGHWAY PATROL MOUNT SHASTA AREA OFFICE,False
CA0339985,CA03399,06,CA,Highway Patrol: Temecula Area Office,HIGHWAY PATROL TEMECULA AREA OFFICE,State Police,state_law_enforcement,False,True,,2024,,1,,2024,,,,,HIGHWAY PATROL TEMECULA AREA OFFICE,False
CA0159960,CA01599,06,CA,Highway Patrol: Fort Tejon Area Office,HIGHWAY PATROL FORT TEJON AREA OFFICE,State Police,state_law_enforcement,False,True,,2024,,1,,2024,,,,,HIGHWAY PATROL FORT TEJON AREA OFFICE,False
CA0369934,CA03699,06,CA,Highway Patrol: Needles Area Office,HIGHWAY PATROL NEEDLES AREA OFFICE,State Police,state_law_enforcement,False,True,,2024,,1,,2024,,,,,HIGHWAY PATROL NEEDLES AREA OFFICE,False
CA0369960,CA03699,06,CA,Highway Patrol: San Bernardino Area Office,HIGHWAY PATROL SAN BERNARDINO AREA OFFICE,State Police,state_law_enforcement,False,True,,2024,,1,,2024,,,,,HIGHWAY PATROL SAN BERNARDINO AREA OFFICE,False
CA0189940,CA01899,06,CA,Highway Patrol: Susanville Area Office,HIGHWAY PATROL SUSANVILLE AREA OFFICE,State Police,state_law_enforcement,False,True,,2024,,1,,2024,,,,,HIGHWAY PATROL SUSANVILLE AREA OFFICE,False
CA0409945,CA04099,06,CA,Highway Patrol: San Luis Obispo Area Office,HIGHWAY PATROL SAN LUIS OBISPO AREA OFFICE,State Police,state_law_enforcement,False,True,,2024,,1,,2024,,,,,HIGHWAY PATROL SAN LUIS OBISPO AREA OFFICE,False
CA0559925,CA05599,06,CA,Highway Patrol: Sonora Area Office,HIGHWAY PATROL SONORA AREA OFFICE,State Police,state_law_enforcement,False,True,,2024,,1,,2024,,,,,HIGHWAY PATROL SONORA AREA OFFICE,False
CA0109995,CA01099,06,CA,Highway Patrol: Coalinga Area Office,HIGHWAY PATROL COALINGA AREA OFFICE,State Police,state_law_enforcement,False,True,,2024,,1,,2024,,,,,HIGHWAY PATROL COALINGA AREA OFFICE,False
CA0279935,CA02799,06,CA,Highway Patrol: King City Area Office,HIGHWAY PATROL KING CITY AREA OFFICE,State Police,state_law_enforcement,False,True,,2024,,1,,2024,,,,,HIGHWAY PATROL KING CITY AREA OFFICE,False
CA0399966,CA03999,06,CA,Highway Patrol: Tracy Area Office,HIGHWAY PATROL TRACY AREA OFFICE,State Police,state_law_enforcement,False,True,,2024,,1,,2024,,,,,HIGHWAY PATROL TRACY AREA OFFICE,False
CA0339930,CA03399,06,CA,Highway Patrol: Indio Area Office,HIGHWAY PATROL INDIO AREA OFFICE,State Police,state_law_enforcement,False,True,,2024,,1,,2024,,,,,HIGHWAY PATROL INDIO AREA OFFICE,False
CA0379945,CA03799,06,CA,Highway Patrol: San Diego Area Office,HIGHWAY PATROL SAN DIEGO AREA OFFICE,State Police,state_law_enforcement,False,True,,2024,,1,,2024,,,,,HIGHWAY PATROL SAN DIEGO AREA OFFICE,False
CA0069955,CA00699,06,CA,Highway Patrol: Williams Area Office,HIGHWAY PATROL WILLIAMS AREA OFFICE,State Police,state_law_enforcement,False,True,,2024,,1,,2024,,,,,HIGHWAY PATROL WILLIAMS AREA OFFICE,False
CA0139920,CA01399,06,CA,Highway Patrol: Winterhaven Area Office,HIGHWAY PATROL WINTERHAVEN AREA OFFICE,State Police,state_law_enforcement,False,True,,2024,,1,,2024,,,,,HIGHWAY PATROL WINTERHAVEN AREA OFFICE,False
CA0309975,CA03099,06,CA,Highway Patrol: Santa Ana Area Office,HIGHWAY PATROL SANTA ANA AREA OFFICE,State Police,state_law_enforcement,False,True,,2024,,1,,2024,,,,,HIGHWAY PATROL SANTA ANA AREA OFFICE,False
CA0379980,CA03799,06,CA,Highway Patrol: El Cajon Area Office,HIGHWAY PATROL EL CAJON AREA OFFICE,State Police,state_law_enforcement,False,True,,2024,,1,,2024,,,,,HIGHWAY PATROL EL CAJON AREA OFFICE,False
CA0269920,CA02699,06,CA,Highway Patrol: Bridgeport Area Office,HIGHWAY PATROL BRIDGEPORT AREA OFFICE,State Police,state_law_enforcement,False,True,,2024,,1,,2024,,,,,HIGHWAY PATROL BRIDGEPORT AREA OFFICE,False
CA0339955,CA03399,06,CA,Highway Patrol: San Gorgonio Pass Area Office,HIGHWAY PATROL SAN GORGONIO PASS AREA OFFICE,State Police,state_law_enforcement,False,True,,2024,,1,,2024,,,,,HIGHWAY PATROL SAN GORGONIO PASS AREA OFFICE,False
CA0569965,CA05699,06,CA,Highway Patrol: Ventura Area Office,HIGHWAY PATROL VENTURA AREA OFFICE,State Police,state_law_enforcement,False,True,,2024,,1,,2024,,,,,HIGHWAY PATROL VENTURA AREA OFFICE,False
CA0149925,CA01499,06,CA,Highway Patrol: Bishop Area Office,HIGHWAY PATROL BISHOP AREA OFFICE,State Police,state_law_enforcement,False,True,,2024,,1,,2024,,,,,HIGHWAY PATROL BISHOP AREA OFFICE,False
CA0169940,CA01699,06,CA,Highway Patrol: Hanford Area Office,HIGHWAY PATROL HANFORD AREA OFFICE,State Police,state_law_enforcement,False,True,,2024,,1,,2024,,,,,HIGHWAY PATROL HANFORD AREA OFFICE,False
CA0329965,CA03299,06,CA,Highway Patrol: Quincy Area Office,HIGHWAY PATROL QUINCY AREA OFFICE,State Police,state_law_enforcement,False,True,,2024,,1,,2024,,,,,HIGHWAY PATROL QUINCY AREA OFFICE,False
CA0339940,CA03399,06,CA,Highway Patrol: Riverside Area Office,HIGHWAY PATROL RIVERSIDE AREA OFFICE,State Police,state_law_enforcement,False,True,,2024,,1,,2024,,,,,HIGHWAY PATROL RIVERSIDE AREA OFFICE,False
TX227289E,TX22728,48,TX,Austin Community College District,AUSTIN COMMUNITY COLLEGE DISTRICT,University or College,special_jurisdiction,False,True,,"2018,2019,2020,2021,2022,2023,2024",,7,,2024,,,,0.0,AUSTIN COMMUNITY COLLEGE DISTRICT,False
TX220029E,TX22002,48,TX,Southwestern Baptist Theological Seminary,SOUTHWESTERN BAPTIST THEOLOGICAL SEMINARY,University or College,special_jurisdiction,False,True,,"2019,2020,2021,2022,2023,2024",,6,,2024,,,,0.0,SOUTHWESTERN BAPTIST THEOLOGICAL SEMINARY,False
TX014019E,TX01401,48,TX,University of Mary Hardin-Baylor,UNIVERSITY OF MARY HARDIN-BAYLOR,University or College,special_jurisdiction,False,True,,"2019,2020,2021,2022,2023,2024",,6,,2024,,,,0.0,UNIVERSITY OF MARY HARDIN-BAYLOR,False
TX057829E,TX05782,48,TX,Dallas Baptist University,DALLAS BAPTIST UNIVERSITY,University or College,special_jurisdiction,False,True,,"2023,2024",,2,,2024,,,,0.0,DALLAS BAPTIST UNIVERSITY,False
