city_key,city_name,jurisdiction_id,offense,admission_mode,share_admitted_flag,feed_total_candidate_flag,admitted_flag,qa_status,raw_offense_rows,matched_share_rows,match_share,share_sum,share_sum_pass,official_total,preferred_source,quality_tier_preferred,reconciliation_relative_delta,reconciles_within_10pct,share_geography_pass,total_lane_disposition,share_lane_disposition,reconciliation_disposition,validation_source_name,validation_source_url,adjudication,adjudication_note
atlanta_ga,"Atlanta, Georgia",13:municipal:place:1304000,aggravated_assault,share_only,True,False,True,pass_share_only,1975.0,1966.0,0.9954430379746836,1.0,True,2444.0,local_publication_annual,high,0.1918985270049099,False,True,official_control,admit_share_only,unreconciled_keep_share_only,Atlanta Police Open Data Portal OpenDataWebsite_Crime_view,https://atlanta-police-opendata-atlantapd.hub.arcgis.com/pages/2f68476999b74aa0b8dc9769822854d2,runner_verbatim,batch A 2026-06-18 admission file carried over verbatim
atlanta_ga,"Atlanta, Georgia",13:municipal:place:1304000,burglary,feed_total_candidate,True,True,True,pass_share_only,1761.0,1761.0,1.0,1.0,True,1704.0,local_publication_annual,high,0.0334507042253521,True,True,feed_total_candidate,admit_share_only,reconciled_within_strict_10pct,Atlanta Police Open Data Portal OpenDataWebsite_Crime_view,https://atlanta-police-opendata-atlantapd.hub.arcgis.com/pages/2f68476999b74aa0b8dc9769822854d2,runner_verbatim,batch A 2026-06-18 admission file carried over verbatim
atlanta_ga,"Atlanta, Georgia",13:municipal:place:1304000,larceny,feed_total_candidate,True,True,True,pass_share_only,14431.0,13750.0,0.9528099230822534,1.0,True,13208.0,local_publication_annual,high,0.092595396729255,True,True,feed_total_candidate,admit_share_only,reconciled_within_strict_10pct,Atlanta Police Open Data Portal OpenDataWebsite_Crime_view,https://atlanta-police-opendata-atlantapd.hub.arcgis.com/pages/2f68476999b74aa0b8dc9769822854d2,runner_verbatim,batch A 2026-06-18 admission file carried over verbatim
atlanta_ga,"Atlanta, Georgia",13:municipal:place:1304000,motor_vehicle_theft,share_only,True,False,True,pass_share_only,4225.0,3883.0,0.9190532544378698,1.0,True,3673.0,local_publication_annual,high,0.1502858698611489,False,True,official_control,admit_share_only,unreconciled_keep_share_only,Atlanta Police Open Data Portal OpenDataWebsite_Crime_view,https://atlanta-police-opendata-atlantapd.hub.arcgis.com/pages/2f68476999b74aa0b8dc9769822854d2,runner_verbatim,batch A 2026-06-18 admission file carried over verbatim
atlanta_ga,"Atlanta, Georgia",13:municipal:place:1304000,murder,feed_total_candidate,True,True,True,pass_share_only,120.0,120.0,1.0,1.0,True,126.0,local_publication_annual,high,0.0476190476190476,True,True,feed_total_candidate,admit_share_only,reconciled_within_strict_10pct,Atlanta Police Open Data Portal OpenDataWebsite_Crime_view,https://atlanta-police-opendata-atlantapd.hub.arcgis.com/pages/2f68476999b74aa0b8dc9769822854d2,runner_verbatim,batch A 2026-06-18 admission file carried over verbatim
atlanta_ga,"Atlanta, Georgia",13:municipal:place:1304000,rape,share_only,True,False,True,pass_share_only,100.0,100.0,1.0,1.0,True,79.0,local_publication_annual,high,0.2658227848101265,False,True,official_control,admit_share_only,unreconciled_keep_share_only,Atlanta Police Open Data Portal OpenDataWebsite_Crime_view,https://atlanta-police-opendata-atlantapd.hub.arcgis.com/pages/2f68476999b74aa0b8dc9769822854d2,runner_verbatim,batch A 2026-06-18 admission file carried over verbatim
atlanta_ga,"Atlanta, Georgia",13:municipal:place:1304000,robbery,share_only,True,False,True,pass_share_only,577.0,576.0,0.9982668977469672,1.0,True,506.0,local_publication_annual,high,0.1403162055335968,False,True,official_control,admit_share_only,unreconciled_keep_share_only,Atlanta Police Open Data Portal OpenDataWebsite_Crime_view,https://atlanta-police-opendata-atlantapd.hub.arcgis.com/pages/2f68476999b74aa0b8dc9769822854d2,runner_verbatim,batch A 2026-06-18 admission file carried over verbatim
baton_rouge_la,"Baton Rouge, Louisiana",22:municipal:place:2205000,aggravated_assault,share_only,True,False,True,pass_share_only,1705.0,1702.0,0.9982404692082112,1.0,True,513.0,srs_return_a_annual,sparse,2.323586744639376,False,True,official_control,admit_share_only,unreconciled_keep_share_only,Baton Rouge Police Crime Incidents,https://data.brla.gov/Public-Safety/Baton-Rouge-Police-Crime-Incidents/pbin-pcm7,runner_verbatim,batch A 2026-06-18 admission file carried over verbatim
baton_rouge_la,"Baton Rouge, Louisiana",22:municipal:place:2205000,burglary,share_only,True,False,True,pass_share_only,2363.0,2363.0,1.0,1.0,True,839.0,srs_return_a_annual,sparse,1.8164481525625744,False,True,official_control,admit_share_only,unreconciled_keep_share_only,Baton Rouge Police Crime Incidents,https://data.brla.gov/Public-Safety/Baton-Rouge-Police-Crime-Incidents/pbin-pcm7,runner_verbatim,batch A 2026-06-18 admission file carried over verbatim
baton_rouge_la,"Baton Rouge, Louisiana",22:municipal:place:2205000,larceny,share_only,True,False,True,pass_share_only,7888.0,7882.0,0.9992393509127788,1.0,True,2214.0,srs_return_a_annual,sparse,2.5627822944896117,False,True,official_control,admit_share_only,unreconciled_keep_share_only,Baton Rouge Police Crime Incidents,https://data.brla.gov/Public-Safety/Baton-Rouge-Police-Crime-Incidents/pbin-pcm7,runner_verbatim,batch A 2026-06-18 admission file carried over verbatim
baton_rouge_la,"Baton Rouge, Louisiana",22:municipal:place:2205000,motor_vehicle_theft,share_only,True,False,True,pass_share_only,2139.0,2137.0,0.9990649836372136,1.0,True,759.0,srs_return_a_annual,sparse,1.818181818181818,False,True,official_control,admit_share_only,unreconciled_keep_share_only,Baton Rouge Police Crime Incidents,https://data.brla.gov/Public-Safety/Baton-Rouge-Police-Crime-Incidents/pbin-pcm7,runner_verbatim,batch A 2026-06-18 admission file carried over verbatim
baton_rouge_la,"Baton Rouge, Louisiana",22:municipal:place:2205000,murder,share_only,True,False,True,pass_share_only,145.0,145.0,1.0,1.0,True,72.0,srs_return_a_annual,sparse,1.0138888888888888,False,True,official_control,admit_share_only,unreconciled_keep_share_only,Baton Rouge Police Crime Incidents,https://data.brla.gov/Public-Safety/Baton-Rouge-Police-Crime-Incidents/pbin-pcm7,runner_verbatim,batch A 2026-06-18 admission file carried over verbatim
baton_rouge_la,"Baton Rouge, Louisiana",22:municipal:place:2205000,rape,share_only,True,False,True,pass_share_only,1.0,1.0,1.0,1.0,True,26.0,srs_return_a_annual,sparse,0.9615384615384616,False,True,official_control,admit_share_only,unreconciled_keep_share_only,Baton Rouge Police Crime Incidents,https://data.brla.gov/Public-Safety/Baton-Rouge-Police-Crime-Incidents/pbin-pcm7,runner_verbatim,batch A 2026-06-18 admission file carried over verbatim
baton_rouge_la,"Baton Rouge, Louisiana",22:municipal:place:2205000,robbery,share_only,True,False,True,pass_share_only,535.0,534.0,0.9981308411214952,1.0,True,100.0,srs_return_a_annual,sparse,4.35,False,True,official_control,admit_share_only,unreconciled_keep_share_only,Baton Rouge Police Crime Incidents,https://data.brla.gov/Public-Safety/Baton-Rouge-Police-Crime-Incidents/pbin-pcm7,runner_verbatim,batch A 2026-06-18 admission file carried over verbatim
cleveland_oh,"Cleveland, Ohio",39:municipal:place:3916000,aggravated_assault,share_only,True,False,True,pass_share_only,2434.0,2425.0,0.996302382908792,1.0,True,3631.0,cius_publication_annual,high,0.3296612503442578,False,True,official_control,admit_share_only,unreconciled_keep_share_only,City of Cleveland Open Data Crime Incidents [2016 to 11/11/25],https://data.clevelandohio.gov/datasets/ClevelandGIS::crime-incidents-2016-to-11-11-25/about,runner_verbatim,batch A 2026-06-18 admission file carried over verbatim
cleveland_oh,"Cleveland, Ohio",39:municipal:place:3916000,burglary,feed_total_candidate,True,True,True,pass_share_only,3318.0,3310.0,0.997588908981314,1.0,True,3121.0,cius_publication_annual,high,0.0631207946171099,True,True,feed_total_candidate,admit_share_only,reconciled_within_strict_10pct,City of Cleveland Open Data Crime Incidents [2016 to 11/11/25],https://data.clevelandohio.gov/datasets/ClevelandGIS::crime-incidents-2016-to-11-11-25/about,runner_verbatim,batch A 2026-06-18 admission file carried over verbatim
cleveland_oh,"Cleveland, Ohio",39:municipal:place:3916000,larceny,feed_total_candidate,True,True,True,pass_share_only,9492.0,9450.0,0.995575221238938,1.0,True,8777.0,cius_publication_annual,high,0.0814629144354563,True,True,feed_total_candidate,admit_share_only,reconciled_within_strict_10pct,City of Cleveland Open Data Crime Incidents [2016 to 11/11/25],https://data.clevelandohio.gov/datasets/ClevelandGIS::crime-incidents-2016-to-11-11-25/about,runner_verbatim,batch A 2026-06-18 admission file carried over verbatim
cleveland_oh,"Cleveland, Ohio",39:municipal:place:3916000,motor_vehicle_theft,feed_total_candidate,True,True,True,pass_share_only,4291.0,4277.0,0.99673735725938,1.0,True,4159.0,cius_publication_annual,high,0.0317383986535224,True,True,feed_total_candidate,admit_share_only,reconciled_within_strict_10pct,City of Cleveland Open Data Crime Incidents [2016 to 11/11/25],https://data.clevelandohio.gov/datasets/ClevelandGIS::crime-incidents-2016-to-11-11-25/about,runner_verbatim,batch A 2026-06-18 admission file carried over verbatim
cleveland_oh,"Cleveland, Ohio",39:municipal:place:3916000,murder,share_only,True,False,True,pass_share_only,86.0,85.0,0.9883720930232558,1.0,True,109.0,cius_publication_annual,high,0.2110091743119266,False,True,official_control,admit_share_only,unreconciled_keep_share_only,City of Cleveland Open Data Crime Incidents [2016 to 11/11/25],https://data.clevelandohio.gov/datasets/ClevelandGIS::crime-incidents-2016-to-11-11-25/about,runner_verbatim,batch A 2026-06-18 admission file carried over verbatim
cleveland_oh,"Cleveland, Ohio",39:municipal:place:3916000,rape,feed_total_candidate,True,True,True,pass_share_only,511.0,507.0,0.9921722113502937,1.0,True,511.0,cius_publication_annual,high,0.0,True,True,feed_total_candidate,admit_share_only,reconciled_within_strict_10pct,City of Cleveland Open Data Crime Incidents [2016 to 11/11/25],https://data.clevelandohio.gov/datasets/ClevelandGIS::crime-incidents-2016-to-11-11-25/about,runner_verbatim,batch A 2026-06-18 admission file carried over verbatim
cleveland_oh,"Cleveland, Ohio",39:municipal:place:3916000,robbery,feed_total_candidate,True,True,True,pass_share_only,1550.0,1544.0,0.9961290322580644,1.0,True,1412.0,cius_publication_annual,high,0.0977337110481586,True,True,feed_total_candidate,admit_share_only,reconciled_within_strict_10pct,City of Cleveland Open Data Crime Incidents [2016 to 11/11/25],https://data.clevelandohio.gov/datasets/ClevelandGIS::crime-incidents-2016-to-11-11-25/about,runner_verbatim,batch A 2026-06-18 admission file carried over verbatim
colorado_springs_co,"Colorado Springs, Colorado",08:municipal:place:0816000,aggravated_assault,share_only,True,False,True,pass_share_only,1921.0,1919.0,0.9989588755856325,1.0,True,2600.0,cius_publication_annual,high,0.2611538461538462,False,True,official_control,admit_share_only,unreconciled_keep_share_only,Colorado Springs Police Department Open Data Crime Level Data,https://policedata.coloradosprings.gov/Crime/Crime-Level-Data/bc88-hemr,runner_verbatim,batch A 2026-06-18 admission file carried over verbatim
colorado_springs_co,"Colorado Springs, Colorado",08:municipal:place:0816000,burglary,feed_total_candidate,True,True,True,pass_share_only,2706.0,2701.0,0.9981522542498152,1.0,True,2604.0,cius_publication_annual,high,0.0391705069124423,True,True,feed_total_candidate,admit_share_only,reconciled_within_strict_10pct,Colorado Springs Police Department Open Data Crime Level Data,https://policedata.coloradosprings.gov/Crime/Crime-Level-Data/bc88-hemr,runner_verbatim,batch A 2026-06-18 admission file carried over verbatim
colorado_springs_co,"Colorado Springs, Colorado",08:municipal:place:0816000,larceny,share_only,True,False,True,pass_share_only,8339.0,8331.0,0.9990406523563976,1.0,True,10947.0,cius_publication_annual,high,0.2382387868822508,False,True,official_control,admit_share_only,unreconciled_keep_share_only,Colorado Springs Police Department Open Data Crime Level Data,https://policedata.coloradosprings.gov/Crime/Crime-Level-Data/bc88-hemr,runner_verbatim,batch A 2026-06-18 admission file carried over verbatim
colorado_springs_co,"Colorado Springs, Colorado",08:municipal:place:0816000,motor_vehicle_theft,share_only,True,False,True,pass_share_only,3750.0,3743.0,0.9981333333333332,1.0,True,3399.0,cius_publication_annual,high,0.1032656663724624,False,True,official_control,admit_share_only,unreconciled_keep_share_only,Colorado Springs Police Department Open Data Crime Level Data,https://policedata.coloradosprings.gov/Crime/Crime-Level-Data/bc88-hemr,runner_verbatim,batch A 2026-06-18 admission file carried over verbatim
colorado_springs_co,"Colorado Springs, Colorado",08:municipal:place:0816000,murder,share_only,True,False,True,pass_share_only,30.0,30.0,1.0,1.0,True,38.0,cius_publication_annual,high,0.2105263157894736,False,True,official_control,admit_share_only,unreconciled_keep_share_only,Colorado Springs Police Department Open Data Crime Level Data,https://policedata.coloradosprings.gov/Crime/Crime-Level-Data/bc88-hemr,runner_verbatim,batch A 2026-06-18 admission file carried over verbatim
colorado_springs_co,"Colorado Springs, Colorado",08:municipal:place:0816000,rape,rejected,False,False,False,reject,0.0,0.0,,,False,498.0,cius_publication_annual,high,1.0,False,False,official_control,reject_share,unreconciled_keep_share_only,Colorado Springs Police Department Open Data Crime Level Data,https://policedata.coloradosprings.gov/Crime/Crime-Level-Data/bc88-hemr,runner_verbatim,batch A 2026-06-18 admission file carried over verbatim
colorado_springs_co,"Colorado Springs, Colorado",08:municipal:place:0816000,robbery,feed_total_candidate,True,True,True,pass_share_only,373.0,373.0,1.0,1.0,True,381.0,cius_publication_annual,high,0.0209973753280839,True,True,feed_total_candidate,admit_share_only,reconciled_within_strict_10pct,Colorado Springs Police Department Open Data Crime Level Data,https://policedata.coloradosprings.gov/Crime/Crime-Level-Data/bc88-hemr,runner_verbatim,batch A 2026-06-18 admission file carried over verbatim
columbus_oh,"Columbus, Ohio",39:municipal:place:3918000,aggravated_assault,rejected,False,False,False,reject,0.0,0.0,,,False,1929.0,cius_publication_annual,high,,False,False,official_control,reject_share,source_error_reject,LexisNexis Community Crime Map - Columbus Division of Police incidents,https://www.columbus.gov/Services/Public-Safety/Find-a-Police-Report/Find-Reports,runner_verbatim,batch A 2026-06-18 admission file carried over verbatim
columbus_oh,"Columbus, Ohio",39:municipal:place:3918000,burglary,rejected,False,False,False,reject,0.0,0.0,,,False,3703.0,cius_publication_annual,high,,False,False,official_control,reject_share,source_error_reject,LexisNexis Community Crime Map - Columbus Division of Police incidents,https://www.columbus.gov/Services/Public-Safety/Find-a-Police-Report/Find-Reports,runner_verbatim,batch A 2026-06-18 admission file carried over verbatim
columbus_oh,"Columbus, Ohio",39:municipal:place:3918000,larceny,rejected,False,False,False,reject,0.0,0.0,,,False,15618.0,cius_publication_annual,high,,False,False,official_control,reject_share,source_error_reject,LexisNexis Community Crime Map - Columbus Division of Police incidents,https://www.columbus.gov/Services/Public-Safety/Find-a-Police-Report/Find-Reports,runner_verbatim,batch A 2026-06-18 admission file carried over verbatim
columbus_oh,"Columbus, Ohio",39:municipal:place:3918000,motor_vehicle_theft,rejected,False,False,False,reject,0.0,0.0,,,False,4969.0,cius_publication_annual,high,,False,False,official_control,reject_share,source_error_reject,LexisNexis Community Crime Map - Columbus Division of Police incidents,https://www.columbus.gov/Services/Public-Safety/Find-a-Police-Report/Find-Reports,runner_verbatim,batch A 2026-06-18 admission file carried over verbatim
columbus_oh,"Columbus, Ohio",39:municipal:place:3918000,murder,rejected,False,False,False,reject,0.0,0.0,,,False,112.0,cius_publication_annual,high,,False,False,official_control,reject_share,source_error_reject,LexisNexis Community Crime Map - Columbus Division of Police incidents,https://www.columbus.gov/Services/Public-Safety/Find-a-Police-Report/Find-Reports,runner_verbatim,batch A 2026-06-18 admission file carried over verbatim
columbus_oh,"Columbus, Ohio",39:municipal:place:3918000,rape,rejected,False,False,False,reject,0.0,0.0,,,False,1137.0,cius_publication_annual,high,,False,False,official_control,reject_share,source_error_reject,LexisNexis Community Crime Map - Columbus Division of Police incidents,https://www.columbus.gov/Services/Public-Safety/Find-a-Police-Report/Find-Reports,runner_verbatim,batch A 2026-06-18 admission file carried over verbatim
columbus_oh,"Columbus, Ohio",39:municipal:place:3918000,robbery,rejected,False,False,False,reject,0.0,0.0,,,False,803.0,cius_publication_annual,high,,False,False,official_control,reject_share,source_error_reject,LexisNexis Community Crime Map - Columbus Division of Police incidents,https://www.columbus.gov/Services/Public-Safety/Find-a-Police-Report/Find-Reports,runner_verbatim,batch A 2026-06-18 admission file carried over verbatim
fort_worth_tx,"Fort Worth, Texas",48:municipal:place:4827000,aggravated_assault,share_only,True,False,True,pass_share_only,2009.0,2008.0,0.9995022399203584,1.0,True,3223.0,srs_return_a_annual,high,0.3766677008997828,False,True,official_control,admit_share_only,unreconciled_keep_share_only,City of Fort Worth Open Data - CFW Police Crime Data Points,https://data.fortworthtexas.gov/datasets/cfw-police-crime-data-points,runner_verbatim,batch A 2026-06-18 admission file carried over verbatim
fort_worth_tx,"Fort Worth, Texas",48:municipal:place:4827000,burglary,feed_total_candidate,True,True,True,pass_share_only,3259.0,3253.0,0.9981589444614912,1.0,True,3437.0,srs_return_a_annual,high,0.0517893511783532,True,True,feed_total_candidate,admit_share_only,reconciled_within_strict_10pct,City of Fort Worth Open Data - CFW Police Crime Data Points,https://data.fortworthtexas.gov/datasets/cfw-police-crime-data-points,runner_verbatim,batch A 2026-06-18 admission file carried over verbatim
fort_worth_tx,"Fort Worth, Texas",48:municipal:place:4827000,larceny,feed_total_candidate,True,True,True,pass_share_only,18457.0,18440.0,0.9990789402394756,1.0,True,18372.0,srs_return_a_annual,high,0.0046266057043326,True,True,feed_total_candidate,admit_share_only,reconciled_within_strict_10pct,City of Fort Worth Open Data - CFW Police Crime Data Points,https://data.fortworthtexas.gov/datasets/cfw-police-crime-data-points,runner_verbatim,batch A 2026-06-18 admission file carried over verbatim
fort_worth_tx,"Fort Worth, Texas",48:municipal:place:4827000,motor_vehicle_theft,feed_total_candidate,True,True,True,pass_share_only,5013.0,5008.0,0.9990025932575304,1.0,True,5121.0,srs_return_a_annual,high,0.0210896309314587,True,True,feed_total_candidate,admit_share_only,reconciled_within_strict_10pct,City of Fort Worth Open Data - CFW Police Crime Data Points,https://data.fortworthtexas.gov/datasets/cfw-police-crime-data-points,runner_verbatim,batch A 2026-06-18 admission file carried over verbatim
fort_worth_tx,"Fort Worth, Texas",48:municipal:place:4827000,murder,share_only,True,False,True,pass_share_only,47.0,47.0,1.0,1.0,True,74.0,srs_return_a_annual,high,0.3648648648648648,False,True,official_control,admit_share_only,unreconciled_keep_share_only,City of Fort Worth Open Data - CFW Police Crime Data Points,https://data.fortworthtexas.gov/datasets/cfw-police-crime-data-points,runner_verbatim,batch A 2026-06-18 admission file carried over verbatim
fort_worth_tx,"Fort Worth, Texas",48:municipal:place:4827000,rape,rejected,False,False,False,reject,0.0,0.0,,,False,551.0,srs_return_a_annual,high,1.0,False,False,official_control,reject_share,unreconciled_keep_share_only,City of Fort Worth Open Data - CFW Police Crime Data Points,https://data.fortworthtexas.gov/datasets/cfw-police-crime-data-points,runner_verbatim,batch A 2026-06-18 admission file carried over verbatim
fort_worth_tx,"Fort Worth, Texas",48:municipal:place:4827000,robbery,share_only,True,False,True,pass_share_only,624.0,624.0,1.0,1.0,True,724.0,srs_return_a_annual,high,0.1381215469613259,False,True,official_control,admit_share_only,unreconciled_keep_share_only,City of Fort Worth Open Data - CFW Police Crime Data Points,https://data.fortworthtexas.gov/datasets/cfw-police-crime-data-points,runner_verbatim,batch A 2026-06-18 admission file carried over verbatim
fresno_ca,"Fresno, California",06:municipal:place:0627000,aggravated_assault,rejected,False,False,False,reject,0.0,0.0,,,False,2827.0,cius_publication_annual,high,,False,False,official_control,reject_share,source_error_reject,Fresno Police Department Public Crime Map - Public Crime Data,https://cityoffresno.maps.arcgis.com/apps/webappviewer/index.html?id=591d11293e7f48698b015d0a36e75689,runner_verbatim,batch A 2026-06-18 admission file carried over verbatim
fresno_ca,"Fresno, California",06:municipal:place:0627000,burglary,rejected,False,False,False,reject,0.0,0.0,,,False,2166.0,cius_publication_annual,high,,False,False,official_control,reject_share,source_error_reject,Fresno Police Department Public Crime Map - Public Crime Data,https://cityoffresno.maps.arcgis.com/apps/webappviewer/index.html?id=591d11293e7f48698b015d0a36e75689,runner_verbatim,batch A 2026-06-18 admission file carried over verbatim
fresno_ca,"Fresno, California",06:municipal:place:0627000,larceny,rejected,False,False,False,reject,0.0,0.0,,,False,12050.0,cius_publication_annual,high,,False,False,official_control,reject_share,source_error_reject,Fresno Police Department Public Crime Map - Public Crime Data,https://cityoffresno.maps.arcgis.com/apps/webappviewer/index.html?id=591d11293e7f48698b015d0a36e75689,runner_verbatim,batch A 2026-06-18 admission file carried over verbatim
fresno_ca,"Fresno, California",06:municipal:place:0627000,motor_vehicle_theft,rejected,False,False,False,reject,0.0,0.0,,,False,3669.0,cius_publication_annual,high,,False,False,official_control,reject_share,source_error_reject,Fresno Police Department Public Crime Map - Public Crime Data,https://cityoffresno.maps.arcgis.com/apps/webappviewer/index.html?id=591d11293e7f48698b015d0a36e75689,runner_verbatim,batch A 2026-06-18 admission file carried over verbatim
fresno_ca,"Fresno, California",06:municipal:place:0627000,murder,rejected,False,False,False,reject,0.0,0.0,,,False,32.0,cius_publication_annual,high,,False,False,official_control,reject_share,source_error_reject,Fresno Police Department Public Crime Map - Public Crime Data,https://cityoffresno.maps.arcgis.com/apps/webappviewer/index.html?id=591d11293e7f48698b015d0a36e75689,runner_verbatim,batch A 2026-06-18 admission file carried over verbatim
fresno_ca,"Fresno, California",06:municipal:place:0627000,rape,rejected,False,False,False,reject,0.0,0.0,,,False,244.0,cius_publication_annual,high,,False,False,official_control,reject_share,source_error_reject,Fresno Police Department Public Crime Map - Public Crime Data,https://cityoffresno.maps.arcgis.com/apps/webappviewer/index.html?id=591d11293e7f48698b015d0a36e75689,runner_verbatim,batch A 2026-06-18 admission file carried over verbatim
fresno_ca,"Fresno, California",06:municipal:place:0627000,robbery,rejected,False,False,False,reject,0.0,0.0,,,False,918.0,cius_publication_annual,high,,False,False,official_control,reject_share,source_error_reject,Fresno Police Department Public Crime Map - Public Crime Data,https://cityoffresno.maps.arcgis.com/apps/webappviewer/index.html?id=591d11293e7f48698b015d0a36e75689,runner_verbatim,batch A 2026-06-18 admission file carried over verbatim
indianapolis_in,"Indianapolis, Indiana",18:municipal:place:1836003,aggravated_assault,share_only,True,False,True,pass_share_only,4767.0,4753.0,0.9970631424375918,1.0,True,5885.0,nibrs_srs_equivalent_annual,high,0.1899745114698385,False,True,official_control,admit_share_only,unreconciled_keep_share_only,Indianapolis Metropolitan Police Department IMPD_Public_Data Incidents_Public,https://www.arcgis.com/home/item.html?id=0390f89c33c04556b7eb353dd31486e3,runner_verbatim,batch A 2026-06-18 admission file carried over verbatim
indianapolis_in,"Indianapolis, Indiana",18:municipal:place:1836003,burglary,share_only,True,False,True,pass_share_only,4086.0,4075.0,0.9973078805677924,1.0,True,4626.0,nibrs_srs_equivalent_annual,high,0.1167315175097276,False,True,official_control,admit_share_only,unreconciled_keep_share_only,Indianapolis Metropolitan Police Department IMPD_Public_Data Incidents_Public,https://www.arcgis.com/home/item.html?id=0390f89c33c04556b7eb353dd31486e3,runner_verbatim,batch A 2026-06-18 admission file carried over verbatim
indianapolis_in,"Indianapolis, Indiana",18:municipal:place:1836003,larceny,feed_total_candidate,True,True,True,pass_share_only,17844.0,17689.0,0.9913136068146156,1.0,True,18646.0,nibrs_srs_equivalent_annual,high,0.0430119060388287,True,True,feed_total_candidate,admit_share_only,reconciled_within_strict_10pct,Indianapolis Metropolitan Police Department IMPD_Public_Data Incidents_Public,https://www.arcgis.com/home/item.html?id=0390f89c33c04556b7eb353dd31486e3,runner_verbatim,batch A 2026-06-18 admission file carried over verbatim
indianapolis_in,"Indianapolis, Indiana",18:municipal:place:1836003,motor_vehicle_theft,feed_total_candidate,True,True,True,pass_share_only,6193.0,6158.0,0.9943484579363798,1.0,True,6727.0,nibrs_srs_equivalent_annual,high,0.0793815965512115,True,True,feed_total_candidate,admit_share_only,reconciled_within_strict_10pct,Indianapolis Metropolitan Police Department IMPD_Public_Data Incidents_Public,https://www.arcgis.com/home/item.html?id=0390f89c33c04556b7eb353dd31486e3,runner_verbatim,batch A 2026-06-18 admission file carried over verbatim
indianapolis_in,"Indianapolis, Indiana",18:municipal:place:1836003,murder,feed_total_candidate,True,True,True,pass_share_only,166.0,166.0,1.0,1.0,True,178.0,nibrs_srs_equivalent_annual,high,0.0674157303370786,True,True,feed_total_candidate,admit_share_only,reconciled_within_strict_10pct,Indianapolis Metropolitan Police Department IMPD_Public_Data Incidents_Public,https://www.arcgis.com/home/item.html?id=0390f89c33c04556b7eb353dd31486e3,runner_verbatim,batch A 2026-06-18 admission file carried over verbatim
indianapolis_in,"Indianapolis, Indiana",18:municipal:place:1836003,rape,rejected,False,False,False,reject,0.0,0.0,,,False,527.0,nibrs_srs_equivalent_annual,high,1.0,False,False,official_control,reject_share,unreconciled_keep_share_only,Indianapolis Metropolitan Police Department IMPD_Public_Data Incidents_Public,https://www.arcgis.com/home/item.html?id=0390f89c33c04556b7eb353dd31486e3,runner_verbatim,batch A 2026-06-18 admission file carried over verbatim
indianapolis_in,"Indianapolis, Indiana",18:municipal:place:1836003,robbery,feed_total_candidate,True,True,True,pass_share_only,1259.0,1253.0,0.9952343129467832,1.0,True,1280.0,nibrs_srs_equivalent_annual,high,0.01640625,True,True,feed_total_candidate,admit_share_only,reconciled_within_strict_10pct,Indianapolis Metropolitan Police Department IMPD_Public_Data Incidents_Public,https://www.arcgis.com/home/item.html?id=0390f89c33c04556b7eb353dd31486e3,runner_verbatim,batch A 2026-06-18 admission file carried over verbatim
miami_fl,"Miami, Florida",12:municipal:place:1245000,aggravated_assault,rejected,False,False,False,reject,0.0,0.0,,,False,1605.0,srs_return_a_annual,high,1.0,False,False,official_control,reject_share,unreconciled_keep_share_only,City of Miami Police Crimes (Public),https://www.arcgis.com/home/item.html?id=13101a983a9a456f8bc93d0c78eac888,runner_verbatim,batch A 2026-06-18 admission file carried over verbatim
miami_fl,"Miami, Florida",12:municipal:place:1245000,burglary,rejected,False,False,False,reject,0.0,0.0,,,False,1356.0,srs_return_a_annual,high,1.0,False,False,official_control,reject_share,unreconciled_keep_share_only,City of Miami Police Crimes (Public),https://www.arcgis.com/home/item.html?id=13101a983a9a456f8bc93d0c78eac888,runner_verbatim,batch A 2026-06-18 admission file carried over verbatim
miami_fl,"Miami, Florida",12:municipal:place:1245000,larceny,rejected,False,False,False,reject,0.0,0.0,,,False,10573.0,srs_return_a_annual,high,1.0,False,False,official_control,reject_share,unreconciled_keep_share_only,City of Miami Police Crimes (Public),https://www.arcgis.com/home/item.html?id=13101a983a9a456f8bc93d0c78eac888,runner_verbatim,batch A 2026-06-18 admission file carried over verbatim
miami_fl,"Miami, Florida",12:municipal:place:1245000,motor_vehicle_theft,rejected,False,False,False,reject,0.0,0.0,,,False,1890.0,srs_return_a_annual,high,1.0,False,False,official_control,reject_share,unreconciled_keep_share_only,City of Miami Police Crimes (Public),https://www.arcgis.com/home/item.html?id=13101a983a9a456f8bc93d0c78eac888,runner_verbatim,batch A 2026-06-18 admission file carried over verbatim
miami_fl,"Miami, Florida",12:municipal:place:1245000,murder,rejected,False,False,False,reject,0.0,0.0,,,False,28.0,srs_return_a_annual,high,1.0,False,False,official_control,reject_share,unreconciled_keep_share_only,City of Miami Police Crimes (Public),https://www.arcgis.com/home/item.html?id=13101a983a9a456f8bc93d0c78eac888,runner_verbatim,batch A 2026-06-18 admission file carried over verbatim
miami_fl,"Miami, Florida",12:municipal:place:1245000,rape,rejected,False,False,False,reject,0.0,0.0,,,False,108.0,srs_return_a_annual,high,1.0,False,False,official_control,reject_share,unreconciled_keep_share_only,City of Miami Police Crimes (Public),https://www.arcgis.com/home/item.html?id=13101a983a9a456f8bc93d0c78eac888,runner_verbatim,batch A 2026-06-18 admission file carried over verbatim
miami_fl,"Miami, Florida",12:municipal:place:1245000,robbery,rejected,False,False,False,reject,0.0,0.0,,,False,440.0,srs_return_a_annual,high,1.0,False,False,official_control,reject_share,unreconciled_keep_share_only,City of Miami Police Crimes (Public),https://www.arcgis.com/home/item.html?id=13101a983a9a456f8bc93d0c78eac888,runner_verbatim,batch A 2026-06-18 admission file carried over verbatim
milwaukee_wi,"Milwaukee, Wisconsin",55:municipal:place:5553000,aggravated_assault,share_only,True,False,True,pass_share_only,5176.0,5175.0,0.999806800618238,1.0,True,5776.0,cius_publication_annual,high,0.1038781163434903,False,True,official_control,admit_share_only,unreconciled_keep_share_only,City of Milwaukee NIBRS Crime Data (Historical),https://data.milwaukee.gov/dataset/wibrarchive,runner_verbatim,batch A 2026-06-18 admission file carried over verbatim
milwaukee_wi,"Milwaukee, Wisconsin",55:municipal:place:5553000,burglary,feed_total_candidate,True,True,True,pass_share_only,2192.0,2192.0,1.0,1.0,True,2175.0,cius_publication_annual,high,0.0078160919540229,True,True,feed_total_candidate,admit_share_only,reconciled_within_strict_10pct,City of Milwaukee NIBRS Crime Data (Historical),https://data.milwaukee.gov/dataset/wibrarchive,runner_verbatim,batch A 2026-06-18 admission file carried over verbatim
milwaukee_wi,"Milwaukee, Wisconsin",55:municipal:place:5553000,larceny,feed_total_candidate,True,True,True,pass_share_only,7210.0,7208.0,0.9997226074895976,1.0,True,7034.0,cius_publication_annual,high,0.0250213249928916,True,True,feed_total_candidate,admit_share_only,reconciled_within_strict_10pct,City of Milwaukee NIBRS Crime Data (Historical),https://data.milwaukee.gov/dataset/wibrarchive,runner_verbatim,batch A 2026-06-18 admission file carried over verbatim
milwaukee_wi,"Milwaukee, Wisconsin",55:municipal:place:5553000,motor_vehicle_theft,feed_total_candidate,True,True,True,pass_share_only,6318.0,6317.0,0.9998417220639444,1.0,True,5926.0,cius_publication_annual,high,0.0661491731353358,True,True,feed_total_candidate,admit_share_only,reconciled_within_strict_10pct,City of Milwaukee NIBRS Crime Data (Historical),https://data.milwaukee.gov/dataset/wibrarchive,runner_verbatim,batch A 2026-06-18 admission file carried over verbatim
milwaukee_wi,"Milwaukee, Wisconsin",55:municipal:place:5553000,murder,feed_total_candidate,True,True,True,pass_share_only,127.0,127.0,1.0,1.0,True,134.0,cius_publication_annual,high,0.0522388059701492,True,True,feed_total_candidate,admit_share_only,reconciled_within_strict_10pct,City of Milwaukee NIBRS Crime Data (Historical),https://data.milwaukee.gov/dataset/wibrarchive,runner_verbatim,batch A 2026-06-18 admission file carried over verbatim
milwaukee_wi,"Milwaukee, Wisconsin",55:municipal:place:5553000,rape,feed_total_candidate,True,True,True,pass_share_only,384.0,383.0,0.9973958333333334,1.0,True,382.0,cius_publication_annual,high,0.0052356020942408,True,True,feed_total_candidate,admit_share_only,reconciled_within_strict_10pct,City of Milwaukee NIBRS Crime Data (Historical),https://data.milwaukee.gov/dataset/wibrarchive,runner_verbatim,batch A 2026-06-18 admission file carried over verbatim
milwaukee_wi,"Milwaukee, Wisconsin",55:municipal:place:5553000,robbery,share_only,True,False,True,pass_share_only,1950.0,1950.0,1.0,1.0,True,1727.0,cius_publication_annual,high,0.129125651418645,False,True,official_control,admit_share_only,unreconciled_keep_share_only,City of Milwaukee NIBRS Crime Data (Historical),https://data.milwaukee.gov/dataset/wibrarchive,runner_verbatim,batch A 2026-06-18 admission file carried over verbatim
omaha_ne,"Omaha, Nebraska",31:municipal:place:3137000,aggravated_assault,rejected,False,False,False,reject,0.0,0.0,,,False,1306.0,srs_return_a_annual,high,1.0,False,False,official_control,reject_share,unreconciled_keep_share_only,Omaha Police Incident Data (DCGIS Open Data Portal),https://data-dogis.opendata.arcgis.com/datasets/omaha%3A%3Aomaha-police-incident-data-1,runner_verbatim,batch A 2026-06-18 admission file carried over verbatim
omaha_ne,"Omaha, Nebraska",31:municipal:place:3137000,burglary,feed_total_candidate,True,True,True,pass_share_only,1134.0,1129.0,0.9955908289241624,1.0,True,1133.0,srs_return_a_annual,high,0.0008826125330979,True,True,feed_total_candidate,admit_share_only,reconciled_within_strict_10pct,Omaha Police Incident Data (DCGIS Open Data Portal),https://data-dogis.opendata.arcgis.com/datasets/omaha%3A%3Aomaha-police-incident-data-1,runner_verbatim,batch A 2026-06-18 admission file carried over verbatim
omaha_ne,"Omaha, Nebraska",31:municipal:place:3137000,larceny,feed_total_candidate,True,True,True,pass_share_only,11227.0,11146.0,0.9927852498441258,1.0,True,10874.0,srs_return_a_annual,high,0.03246275519588,True,True,feed_total_candidate,admit_share_only,reconciled_within_strict_10pct,Omaha Police Incident Data (DCGIS Open Data Portal),https://data-dogis.opendata.arcgis.com/datasets/omaha%3A%3Aomaha-police-incident-data-1,runner_verbatim,batch A 2026-06-18 admission file carried over verbatim
omaha_ne,"Omaha, Nebraska",31:municipal:place:3137000,motor_vehicle_theft,feed_total_candidate,True,True,True,pass_share_only,3107.0,3098.0,0.9971033150949468,1.0,True,3177.0,srs_return_a_annual,high,0.0220333648095687,True,True,feed_total_candidate,admit_share_only,reconciled_within_strict_10pct,Omaha Police Incident Data (DCGIS Open Data Portal),https://data-dogis.opendata.arcgis.com/datasets/omaha%3A%3Aomaha-police-incident-data-1,runner_verbatim,batch A 2026-06-18 admission file carried over verbatim
omaha_ne,"Omaha, Nebraska",31:municipal:place:3137000,murder,rejected,False,False,False,reject,0.0,0.0,,,False,19.0,srs_return_a_annual,high,1.0,False,False,official_control,reject_share,unreconciled_keep_share_only,Omaha Police Incident Data (DCGIS Open Data Portal),https://data-dogis.opendata.arcgis.com/datasets/omaha%3A%3Aomaha-police-incident-data-1,runner_verbatim,batch A 2026-06-18 admission file carried over verbatim
omaha_ne,"Omaha, Nebraska",31:municipal:place:3137000,rape,rejected,False,False,False,reject,0.0,0.0,,,False,222.0,srs_return_a_annual,high,1.0,False,False,official_control,reject_share,unreconciled_keep_share_only,Omaha Police Incident Data (DCGIS Open Data Portal),https://data-dogis.opendata.arcgis.com/datasets/omaha%3A%3Aomaha-police-incident-data-1,runner_verbatim,batch A 2026-06-18 admission file carried over verbatim
omaha_ne,"Omaha, Nebraska",31:municipal:place:3137000,robbery,feed_total_candidate,True,True,True,pass_share_only,225.0,224.0,0.9955555555555556,1.0,True,225.0,srs_return_a_annual,high,0.0,True,True,feed_total_candidate,admit_share_only,reconciled_within_strict_10pct,Omaha Police Incident Data (DCGIS Open Data Portal),https://data-dogis.opendata.arcgis.com/datasets/omaha%3A%3Aomaha-police-incident-data-1,runner_verbatim,batch A 2026-06-18 admission file carried over verbatim
sacramento_ca,"Sacramento, California",06:municipal:place:0664000,aggravated_assault,rejected,False,False,False,reject,0.0,0.0,,,False,2737.0,srs_return_a_annual,high,1.0,False,False,official_control,reject_share,unreconciled_keep_share_only,City of Sacramento Police Department RMS Report Data 2024,https://data.cityofsacramento.org/datasets/eddc9729d09e4c7f92794d2ae1d99da4_0/about,runner_verbatim,batch A 2026-06-18 admission file carried over verbatim
sacramento_ca,"Sacramento, California",06:municipal:place:0664000,burglary,feed_total_candidate,True,True,True,pass_share_only,2193.0,2192.0,0.9995440036479708,1.0,True,2326.0,srs_return_a_annual,high,0.0571797076526225,True,True,feed_total_candidate,admit_share_only,reconciled_within_strict_10pct,City of Sacramento Police Department RMS Report Data 2024,https://data.cityofsacramento.org/datasets/eddc9729d09e4c7f92794d2ae1d99da4_0/about,runner_verbatim,batch A 2026-06-18 admission file carried over verbatim
sacramento_ca,"Sacramento, California",06:municipal:place:0664000,larceny,feed_total_candidate,True,True,True,pass_share_only,8470.0,8462.0,0.9990554899645808,1.0,True,8406.0,srs_return_a_annual,high,0.0076136093266714,True,True,feed_total_candidate,admit_share_only,reconciled_within_strict_10pct,City of Sacramento Police Department RMS Report Data 2024,https://data.cityofsacramento.org/datasets/eddc9729d09e4c7f92794d2ae1d99da4_0/about,runner_verbatim,batch A 2026-06-18 admission file carried over verbatim
sacramento_ca,"Sacramento, California",06:municipal:place:0664000,motor_vehicle_theft,feed_total_candidate,True,True,True,pass_share_only,2721.0,2718.0,0.9988974641675854,1.0,True,2684.0,srs_return_a_annual,high,0.0137853949329359,True,True,feed_total_candidate,admit_share_only,reconciled_within_strict_10pct,City of Sacramento Police Department RMS Report Data 2024,https://data.cityofsacramento.org/datasets/eddc9729d09e4c7f92794d2ae1d99da4_0/about,runner_verbatim,batch A 2026-06-18 admission file carried over verbatim
sacramento_ca,"Sacramento, California",06:municipal:place:0664000,murder,rejected,False,False,False,reject,0.0,0.0,,,False,45.0,srs_return_a_annual,high,1.0,False,False,official_control,reject_share,unreconciled_keep_share_only,City of Sacramento Police Department RMS Report Data 2024,https://data.cityofsacramento.org/datasets/eddc9729d09e4c7f92794d2ae1d99da4_0/about,runner_verbatim,batch A 2026-06-18 admission file carried over verbatim
sacramento_ca,"Sacramento, California",06:municipal:place:0664000,rape,rejected,False,False,False,reject,0.0,0.0,,,False,182.0,srs_return_a_annual,high,1.0,False,False,official_control,reject_share,unreconciled_keep_share_only,City of Sacramento Police Department RMS Report Data 2024,https://data.cityofsacramento.org/datasets/eddc9729d09e4c7f92794d2ae1d99da4_0/about,runner_verbatim,batch A 2026-06-18 admission file carried over verbatim
sacramento_ca,"Sacramento, California",06:municipal:place:0664000,robbery,feed_total_candidate,True,True,True,pass_share_only,935.0,931.0,0.9957219251336898,1.0,True,1012.0,srs_return_a_annual,high,0.0760869565217391,True,True,feed_total_candidate,admit_share_only,reconciled_within_strict_10pct,City of Sacramento Police Department RMS Report Data 2024,https://data.cityofsacramento.org/datasets/eddc9729d09e4c7f92794d2ae1d99da4_0/about,runner_verbatim,batch A 2026-06-18 admission file carried over verbatim
st_louis_mo,"St. Louis, Missouri",29:municipal:place:2965000,aggravated_assault,rejected,False,False,False,reject,0.0,0.0,,,False,2788.0,cius_publication_annual,high,,False,False,official_control,reject_share,source_error_reject,St. Louis Metropolitan Police Department NIBRS Crime File January 2024,https://www.slmpd.org/Crimereports.shtml,runner_verbatim,batch A 2026-06-18 admission file carried over verbatim
st_louis_mo,"St. Louis, Missouri",29:municipal:place:2965000,burglary,rejected,False,False,False,reject,0.0,0.0,,,False,2273.0,cius_publication_annual,high,,False,False,official_control,reject_share,source_error_reject,St. Louis Metropolitan Police Department NIBRS Crime File January 2024,https://www.slmpd.org/Crimereports.shtml,runner_verbatim,batch A 2026-06-18 admission file carried over verbatim
st_louis_mo,"St. Louis, Missouri",29:municipal:place:2965000,larceny,rejected,False,False,False,reject,0.0,0.0,,,False,9462.0,cius_publication_annual,high,,False,False,official_control,reject_share,source_error_reject,St. Louis Metropolitan Police Department NIBRS Crime File January 2024,https://www.slmpd.org/Crimereports.shtml,runner_verbatim,batch A 2026-06-18 admission file carried over verbatim
st_louis_mo,"St. Louis, Missouri",29:municipal:place:2965000,motor_vehicle_theft,rejected,False,False,False,reject,0.0,0.0,,,False,4090.0,cius_publication_annual,high,,False,False,official_control,reject_share,source_error_reject,St. Louis Metropolitan Police Department NIBRS Crime File January 2024,https://www.slmpd.org/Crimereports.shtml,runner_verbatim,batch A 2026-06-18 admission file carried over verbatim
st_louis_mo,"St. Louis, Missouri",29:municipal:place:2965000,murder,rejected,False,False,False,reject,0.0,0.0,,,False,150.0,cius_publication_annual,high,,False,False,official_control,reject_share,source_error_reject,St. Louis Metropolitan Police Department NIBRS Crime File January 2024,https://www.slmpd.org/Crimereports.shtml,runner_verbatim,batch A 2026-06-18 admission file carried over verbatim
st_louis_mo,"St. Louis, Missouri",29:municipal:place:2965000,rape,rejected,False,False,False,reject,0.0,0.0,,,False,161.0,cius_publication_annual,high,,False,False,official_control,reject_share,source_error_reject,St. Louis Metropolitan Police Department NIBRS Crime File January 2024,https://www.slmpd.org/Crimereports.shtml,runner_verbatim,batch A 2026-06-18 admission file carried over verbatim
st_louis_mo,"St. Louis, Missouri",29:municipal:place:2965000,robbery,rejected,False,False,False,reject,0.0,0.0,,,False,692.0,cius_publication_annual,high,,False,False,official_control,reject_share,source_error_reject,St. Louis Metropolitan Police Department NIBRS Crime File January 2024,https://www.slmpd.org/Crimereports.shtml,runner_verbatim,batch A 2026-06-18 admission file carried over verbatim
tampa_fl,"Tampa, Florida",12:municipal:place:1271000,aggravated_assault,rejected,False,False,False,reject,0.0,0.0,,,False,1369.0,state_publication_annual,high,1.0,False,False,official_control,reject_share,unreconciled_keep_share_only,Tampa Police Hub crimes_public_365days Crimes layer,https://policedepartmenthub-tampa.hub.arcgis.com/,runner_verbatim,batch A 2026-06-18 admission file carried over verbatim
tampa_fl,"Tampa, Florida",12:municipal:place:1271000,burglary,rejected,False,False,False,reject,0.0,0.0,,,False,677.0,state_publication_annual,high,1.0,False,False,official_control,reject_share,unreconciled_keep_share_only,Tampa Police Hub crimes_public_365days Crimes layer,https://policedepartmenthub-tampa.hub.arcgis.com/,runner_verbatim,batch A 2026-06-18 admission file carried over verbatim
tampa_fl,"Tampa, Florida",12:municipal:place:1271000,larceny,rejected,False,False,False,reject,0.0,0.0,,,False,4778.0,state_publication_annual,high,1.0,False,False,official_control,reject_share,unreconciled_keep_share_only,Tampa Police Hub crimes_public_365days Crimes layer,https://policedepartmenthub-tampa.hub.arcgis.com/,runner_verbatim,batch A 2026-06-18 admission file carried over verbatim
tampa_fl,"Tampa, Florida",12:municipal:place:1271000,motor_vehicle_theft,rejected,False,False,False,reject,0.0,0.0,,,False,631.0,state_publication_annual,high,1.0,False,False,official_control,reject_share,unreconciled_keep_share_only,Tampa Police Hub crimes_public_365days Crimes layer,https://policedepartmenthub-tampa.hub.arcgis.com/,runner_verbatim,batch A 2026-06-18 admission file carried over verbatim
tampa_fl,"Tampa, Florida",12:municipal:place:1271000,murder,rejected,False,False,False,reject,0.0,0.0,,,False,34.0,state_publication_annual,high,1.0,False,False,official_control,reject_share,unreconciled_keep_share_only,Tampa Police Hub crimes_public_365days Crimes layer,https://policedepartmenthub-tampa.hub.arcgis.com/,runner_verbatim,batch A 2026-06-18 admission file carried over verbatim
tampa_fl,"Tampa, Florida",12:municipal:place:1271000,rape,rejected,False,False,False,reject,0.0,0.0,,,False,203.0,state_publication_annual,high,1.0,False,False,official_control,reject_share,unreconciled_keep_share_only,Tampa Police Hub crimes_public_365days Crimes layer,https://policedepartmenthub-tampa.hub.arcgis.com/,runner_verbatim,batch A 2026-06-18 admission file carried over verbatim
tampa_fl,"Tampa, Florida",12:municipal:place:1271000,robbery,rejected,False,False,False,reject,0.0,0.0,,,False,239.0,state_publication_annual,high,1.0,False,False,official_control,reject_share,unreconciled_keep_share_only,Tampa Police Hub crimes_public_365days Crimes layer,https://policedepartmenthub-tampa.hub.arcgis.com/,runner_verbatim,batch A 2026-06-18 admission file carried over verbatim
virginia_beach_va,"Virginia Beach, Virginia",51:municipal:place:5182000,aggravated_assault,rejected,False,False,False,reject,0.0,0.0,,,False,179.0,cius_publication_annual,high,1.0,False,False,official_control,reject_share,unreconciled_keep_share_only,Virginia Beach Police Offense Reports,https://data.virginiabeach.gov/datasets/VBgov::police-offense-reports,runner_verbatim,batch A 2026-06-18 admission file carried over verbatim
virginia_beach_va,"Virginia Beach, Virginia",51:municipal:place:5182000,burglary,rejected,False,False,False,reject,0.0,0.0,,,False,382.0,cius_publication_annual,high,1.0,False,False,official_control,reject_share,unreconciled_keep_share_only,Virginia Beach Police Offense Reports,https://data.virginiabeach.gov/datasets/VBgov::police-offense-reports,runner_verbatim,batch A 2026-06-18 admission file carried over verbatim
virginia_beach_va,"Virginia Beach, Virginia",51:municipal:place:5182000,larceny,rejected,False,False,False,reject,0.0,0.0,,,False,6585.0,cius_publication_annual,high,1.0,False,False,official_control,reject_share,unreconciled_keep_share_only,Virginia Beach Police Offense Reports,https://data.virginiabeach.gov/datasets/VBgov::police-offense-reports,runner_verbatim,batch A 2026-06-18 admission file carried over verbatim
virginia_beach_va,"Virginia Beach, Virginia",51:municipal:place:5182000,motor_vehicle_theft,rejected,False,False,False,reject,0.0,0.0,,,False,497.0,cius_publication_annual,high,1.0,False,False,official_control,reject_share,unreconciled_keep_share_only,Virginia Beach Police Offense Reports,https://data.virginiabeach.gov/datasets/VBgov::police-offense-reports,runner_verbatim,batch A 2026-06-18 admission file carried over verbatim
virginia_beach_va,"Virginia Beach, Virginia",51:municipal:place:5182000,murder,rejected,False,False,False,reject,0.0,0.0,,,False,13.0,cius_publication_annual,high,1.0,False,False,official_control,reject_share,unreconciled_keep_share_only,Virginia Beach Police Offense Reports,https://data.virginiabeach.gov/datasets/VBgov::police-offense-reports,runner_verbatim,batch A 2026-06-18 admission file carried over verbatim
virginia_beach_va,"Virginia Beach, Virginia",51:municipal:place:5182000,rape,rejected,False,False,False,reject,0.0,0.0,,,False,84.0,cius_publication_annual,high,1.0,False,False,official_control,reject_share,unreconciled_keep_share_only,Virginia Beach Police Offense Reports,https://data.virginiabeach.gov/datasets/VBgov::police-offense-reports,runner_verbatim,batch A 2026-06-18 admission file carried over verbatim
virginia_beach_va,"Virginia Beach, Virginia",51:municipal:place:5182000,robbery,rejected,False,False,False,reject,0.0,0.0,,,False,144.0,cius_publication_annual,high,1.0,False,False,official_control,reject_share,unreconciled_keep_share_only,Virginia Beach Police Offense Reports,https://data.virginiabeach.gov/datasets/VBgov::police-offense-reports,runner_verbatim,batch A 2026-06-18 admission file carried over verbatim
jacksonville_fl,"Jacksonville, Florida",12:municipal:place:1235000,aggravated_assault,share_only,True,False,True,pass_share_only,3603.0,3602.0,0.9997224535109631,1.0,True,4549.0,state_publication_annual,high,0.20795779292152122,False,True,official_control,admit_share_only,unreconciled_keep_share_only,JSO Transparency Portal - Public Transparency Data (NIBRS Incidents),https://transparency.jaxsheriff.org/,runner_verbatim,"batch B 2026-07-08 runner output, adjudicated no-override"
jacksonville_fl,"Jacksonville, Florida",12:municipal:place:1235000,burglary,feed_total_candidate,True,True,True,pass_share_only,3207.0,3203.0,0.9987527284066106,1.0,True,3202.0,state_publication_annual,high,0.001561524047470331,True,True,feed_total_candidate,admit_share_only,reconciled_within_strict_10pct,JSO Transparency Portal - Public Transparency Data (NIBRS Incidents),https://transparency.jaxsheriff.org/,runner_verbatim,"batch B 2026-07-08 runner output, adjudicated no-override"
jacksonville_fl,"Jacksonville, Florida",12:municipal:place:1235000,larceny,feed_total_candidate,True,True,True,pass_share_only,20476.0,20452.0,0.9988278960734518,1.0,True,20339.0,state_publication_annual,high,0.006735827720143567,True,True,feed_total_candidate,admit_share_only,reconciled_within_strict_10pct,JSO Transparency Portal - Public Transparency Data (NIBRS Incidents),https://transparency.jaxsheriff.org/,runner_verbatim,"batch B 2026-07-08 runner output, adjudicated no-override"
jacksonville_fl,"Jacksonville, Florida",12:municipal:place:1235000,motor_vehicle_theft,feed_total_candidate,True,True,True,pass_share_only,3985.0,3980.0,0.998745294855709,1.0,True,4039.0,state_publication_annual,high,0.01336964595196831,True,True,feed_total_candidate,admit_share_only,reconciled_within_strict_10pct,JSO Transparency Portal - Public Transparency Data (NIBRS Incidents),https://transparency.jaxsheriff.org/,runner_verbatim,"batch B 2026-07-08 runner output, adjudicated no-override"
jacksonville_fl,"Jacksonville, Florida",12:municipal:place:1235000,murder,feed_total_candidate,True,True,True,pass_share_only,57.0,57.0,1.0,1.0,True,62.0,state_publication_annual,high,0.08064516129032258,True,True,feed_total_candidate,admit_share_only,reconciled_within_strict_10pct,JSO Transparency Portal - Public Transparency Data (NIBRS Incidents),https://transparency.jaxsheriff.org/,runner_verbatim,"batch B 2026-07-08 runner output, adjudicated no-override"
jacksonville_fl,"Jacksonville, Florida",12:municipal:place:1235000,rape,rejected,False,False,False,reject,0.0,0.0,,,False,634.0,state_publication_annual,high,1.0,False,False,official_control,reject_share,unreconciled_keep_share_only,JSO Transparency Portal - Public Transparency Data (NIBRS Incidents),https://transparency.jaxsheriff.org/,runner_verbatim,"batch B 2026-07-08 runner output, adjudicated no-override"
jacksonville_fl,"Jacksonville, Florida",12:municipal:place:1235000,robbery,feed_total_candidate,True,True,True,pass_share_only,721.0,721.0,1.0,1.0,True,720.0,state_publication_annual,high,0.001388888888888889,True,True,feed_total_candidate,admit_share_only,reconciled_within_strict_10pct,JSO Transparency Portal - Public Transparency Data (NIBRS Incidents),https://transparency.jaxsheriff.org/,runner_verbatim,"batch B 2026-07-08 runner output, adjudicated no-override"
oakland_ca,"Oakland, California",06:municipal:place:0653000,aggravated_assault,share_only,True,False,True,pass_share_only,2601,2597,0.9984621299500193,1.0,True,5039.0,srs_return_a_annual,high,0.48382615598333,False,True,official_control,admit_share_only,unreconciled_keep_share_only,Oakland Police Department CrimeWatch Data (Socrata ppgh-7dqv),https://data.oaklandca.gov/Public-Safety/CrimeWatch-Data/ppgh-7dqv,runner_verbatim,"batch B 2026-07-08 runner output, adjudicated no-override"
oakland_ca,"Oakland, California",06:municipal:place:0653000,burglary,feed_total_candidate,True,True,True,pass_share_only,3231,3221,0.9969049829774064,1.0,True,3423.0,srs_return_a_annual,high,0.056091148115687994,True,True,feed_total_candidate,admit_share_only,reconciled_within_strict_10pct,Oakland Police Department CrimeWatch Data (Socrata ppgh-7dqv),https://data.oaklandca.gov/Public-Safety/CrimeWatch-Data/ppgh-7dqv,runner_verbatim,"batch B 2026-07-08 runner output, adjudicated no-override"
oakland_ca,"Oakland, California",06:municipal:place:0653000,larceny,share_only,True,False,True,pass_share_only,15193,15134,0.9961166326597776,1.0,True,18118.0,srs_return_a_annual,high,0.16144166022739817,False,True,official_control,admit_share_only,unreconciled_keep_share_only,Oakland Police Department CrimeWatch Data (Socrata ppgh-7dqv),https://data.oaklandca.gov/Public-Safety/CrimeWatch-Data/ppgh-7dqv,runner_verbatim,"batch B 2026-07-08 runner output, adjudicated no-override"
oakland_ca,"Oakland, California",06:municipal:place:0653000,motor_vehicle_theft,feed_total_candidate,True,True,True,pass_share_only,10012,9966,0.9954055133839392,1.0,True,9914.0,srs_return_a_annual,high,0.009885011095420617,True,True,feed_total_candidate,admit_share_only,reconciled_within_strict_10pct,Oakland Police Department CrimeWatch Data (Socrata ppgh-7dqv),https://data.oaklandca.gov/Public-Safety/CrimeWatch-Data/ppgh-7dqv,runner_verbatim,"batch B 2026-07-08 runner output, adjudicated no-override"
oakland_ca,"Oakland, California",06:municipal:place:0653000,murder,share_only,True,False,True,pass_share_only,61,61,1.0,1.0,True,81.0,srs_return_a_annual,high,0.24691358024691357,False,True,official_control,admit_share_only,unreconciled_keep_share_only,Oakland Police Department CrimeWatch Data (Socrata ppgh-7dqv),https://data.oaklandca.gov/Public-Safety/CrimeWatch-Data/ppgh-7dqv,runner_verbatim,"batch B 2026-07-08 runner output, adjudicated no-override"
oakland_ca,"Oakland, California",06:municipal:place:0653000,rape,share_only,True,False,True,pass_share_only,220,215,0.9772727272727273,1.0,True,296.0,srs_return_a_annual,high,0.25675675675675674,False,True,official_control,admit_share_only,unreconciled_keep_share_only,Oakland Police Department CrimeWatch Data (Socrata ppgh-7dqv),https://data.oaklandca.gov/Public-Safety/CrimeWatch-Data/ppgh-7dqv,runner_verbatim,"batch B 2026-07-08 runner output, adjudicated no-override"
oakland_ca,"Oakland, California",06:municipal:place:0653000,robbery,share_only,True,False,True,pass_share_only,2609,2594,0.9942506707550786,1.0,True,2960.0,srs_return_a_annual,high,0.11858108108108108,False,True,official_control,admit_share_only,unreconciled_keep_share_only,Oakland Police Department CrimeWatch Data (Socrata ppgh-7dqv),https://data.oaklandca.gov/Public-Safety/CrimeWatch-Data/ppgh-7dqv,runner_verbatim,"batch B 2026-07-08 runner output, adjudicated no-override"
aurora_co,"Aurora, Colorado",08:municipal:place:0804000,aggravated_assault,share_only,True,False,True,pass_share_only,2167,2160,0.9967697277341947,1.0,True,2896.0,cius_publication_annual,high,0.25172651933701656,False,True,official_control,admit_share_only,unreconciled_keep_share_only,APD Transparency Portal - APD_RMS (7 layers),https://apd-transparency-portal-auroraco.hub.arcgis.com/,runner_verbatim,"batch B 2026-07-08 runner output, adjudicated no-override"
aurora_co,"Aurora, Colorado",08:municipal:place:0804000,burglary,feed_total_candidate,True,True,True,pass_share_only,1364,1357,0.9948680351906158,1.0,True,1477.0,cius_publication_annual,high,0.07650643195666892,True,True,feed_total_candidate,admit_share_only,reconciled_within_strict_10pct,APD Transparency Portal - APD_RMS (7 layers),https://apd-transparency-portal-auroraco.hub.arcgis.com/,runner_verbatim,"batch B 2026-07-08 runner output, adjudicated no-override"
aurora_co,"Aurora, Colorado",08:municipal:place:0804000,larceny,share_only,True,False,True,pass_share_only,8159,8127,0.9960779507292561,1.0,True,7305.0,cius_publication_annual,high,0.11690622861054073,False,True,official_control,admit_share_only,unreconciled_keep_share_only,APD Transparency Portal - APD_RMS (7 layers),https://apd-transparency-portal-auroraco.hub.arcgis.com/,runner_verbatim,"batch B 2026-07-08 runner output, adjudicated no-override"
aurora_co,"Aurora, Colorado",08:municipal:place:0804000,motor_vehicle_theft,feed_total_candidate,True,True,True,pass_share_only,3618,3601,0.9953012714206744,1.0,True,3567.0,cius_publication_annual,high,0.014297729184188394,True,True,feed_total_candidate,admit_share_only,reconciled_within_strict_10pct,APD Transparency Portal - APD_RMS (7 layers),https://apd-transparency-portal-auroraco.hub.arcgis.com/,runner_verbatim,"batch B 2026-07-08 runner output, adjudicated no-override"
aurora_co,"Aurora, Colorado",08:municipal:place:0804000,murder,share_only,True,False,True,pass_share_only,35,35,1.0,1.0,True,41.0,cius_publication_annual,high,0.14634146341463414,False,True,official_control,admit_share_only,unreconciled_keep_share_only,APD Transparency Portal - APD_RMS (7 layers),https://apd-transparency-portal-auroraco.hub.arcgis.com/,runner_verbatim,"batch B 2026-07-08 runner output, adjudicated no-override"
aurora_co,"Aurora, Colorado",08:municipal:place:0804000,rape,feed_total_candidate,True,True,True,pass_share_only,283,282,0.9964664310954063,1.0,True,292.0,cius_publication_annual,high,0.030821917808219176,True,True,feed_total_candidate,admit_share_only,reconciled_within_strict_10pct,APD Transparency Portal - APD_RMS (7 layers),https://apd-transparency-portal-auroraco.hub.arcgis.com/,runner_verbatim,"batch B 2026-07-08 runner output, adjudicated no-override"
aurora_co,"Aurora, Colorado",08:municipal:place:0804000,robbery,feed_total_candidate,True,True,True,pass_share_only,545,542,0.9944954128440368,1.0,True,542.0,cius_publication_annual,high,0.005535055350553505,True,True,feed_total_candidate,admit_share_only,reconciled_within_strict_10pct,APD Transparency Portal - APD_RMS (7 layers),https://apd-transparency-portal-auroraco.hub.arcgis.com/,runner_verbatim,"batch B 2026-07-08 runner output, adjudicated no-override"
henderson_nv,"Henderson, Nevada",32:municipal:place:3231900,aggravated_assault,rejected,False,False,False,reject,0.0,0.0,,,False,641.0,cius_publication_annual,high,1.0,False,False,official_control,supervisor_reject_share,unreconciled_keep_share_only,Henderson Police Department GIS - Crime Data 2024 (Open Data Portal),https://gis-hendersonnv.opendata.arcgis.com/datasets/HendersonNV::crime-data-2024,supervisor_excluded_city,"Henderson permanently excluded: structural ~62% undercount from unaudited RMS export filter, homicide silently absent, spatial neutrality unverifiable (STATE.md Batch B section)"
henderson_nv,"Henderson, Nevada",32:municipal:place:3231900,burglary,share_only,False,False,False,pass_share_only,268.0,266.0,0.9925373134328358,1.0,True,778.0,cius_publication_annual,high,0.6555269922879178,False,True,official_control,supervisor_reject_share,unreconciled_keep_share_only,Henderson Police Department GIS - Crime Data 2024 (Open Data Portal),https://gis-hendersonnv.opendata.arcgis.com/datasets/HendersonNV::crime-data-2024,supervisor_excluded_city,"Henderson permanently excluded: structural ~62% undercount from unaudited RMS export filter, homicide silently absent, spatial neutrality unverifiable (STATE.md Batch B section)"
henderson_nv,"Henderson, Nevada",32:municipal:place:3231900,larceny,share_only,False,False,False,pass_share_only,1467.0,1464.0,0.9979550102249489,1.0,True,3870.0,cius_publication_annual,high,0.6209302325581395,False,True,official_control,supervisor_reject_share,unreconciled_keep_share_only,Henderson Police Department GIS - Crime Data 2024 (Open Data Portal),https://gis-hendersonnv.opendata.arcgis.com/datasets/HendersonNV::crime-data-2024,supervisor_excluded_city,"Henderson permanently excluded: structural ~62% undercount from unaudited RMS export filter, homicide silently absent, spatial neutrality unverifiable (STATE.md Batch B section)"
henderson_nv,"Henderson, Nevada",32:municipal:place:3231900,motor_vehicle_theft,share_only,False,False,False,pass_share_only,608.0,606.0,0.9967105263157895,1.0,True,1245.0,cius_publication_annual,high,0.5116465863453815,False,True,official_control,supervisor_reject_share,unreconciled_keep_share_only,Henderson Police Department GIS - Crime Data 2024 (Open Data Portal),https://gis-hendersonnv.opendata.arcgis.com/datasets/HendersonNV::crime-data-2024,supervisor_excluded_city,"Henderson permanently excluded: structural ~62% undercount from unaudited RMS export filter, homicide silently absent, spatial neutrality unverifiable (STATE.md Batch B section)"
henderson_nv,"Henderson, Nevada",32:municipal:place:3231900,murder,rejected,False,False,False,reject,0.0,0.0,,,False,8.0,cius_publication_annual,high,1.0,False,False,official_control,supervisor_reject_share,unreconciled_keep_share_only,Henderson Police Department GIS - Crime Data 2024 (Open Data Portal),https://gis-hendersonnv.opendata.arcgis.com/datasets/HendersonNV::crime-data-2024,supervisor_excluded_city,"Henderson permanently excluded: structural ~62% undercount from unaudited RMS export filter, homicide silently absent, spatial neutrality unverifiable (STATE.md Batch B section)"
henderson_nv,"Henderson, Nevada",32:municipal:place:3231900,rape,share_only,False,False,False,pass_share_only,31.0,31.0,1.0,1.0,True,107.0,cius_publication_annual,high,0.7102803738317757,False,True,official_control,supervisor_reject_share,unreconciled_keep_share_only,Henderson Police Department GIS - Crime Data 2024 (Open Data Portal),https://gis-hendersonnv.opendata.arcgis.com/datasets/HendersonNV::crime-data-2024,supervisor_excluded_city,"Henderson permanently excluded: structural ~62% undercount from unaudited RMS export filter, homicide silently absent, spatial neutrality unverifiable (STATE.md Batch B section)"
henderson_nv,"Henderson, Nevada",32:municipal:place:3231900,robbery,share_only,False,False,False,pass_share_only,68.0,67.0,0.9852941176470589,1.0,True,180.0,cius_publication_annual,high,0.6222222222222222,False,True,official_control,supervisor_reject_share,unreconciled_keep_share_only,Henderson Police Department GIS - Crime Data 2024 (Open Data Portal),https://gis-hendersonnv.opendata.arcgis.com/datasets/HendersonNV::crime-data-2024,supervisor_excluded_city,"Henderson permanently excluded: structural ~62% undercount from unaudited RMS export filter, homicide silently absent, spatial neutrality unverifiable (STATE.md Batch B section)"
memphis_tn,"Memphis, Tennessee",47:municipal:place:4748000,aggravated_assault,share_only,False,False,False,pass_share_only,7327.0,7325.0,0.9997270369864883,1.0,True,12522.0,cius_publication_annual,high,0.41486982910078263,False,True,official_control,supervisor_reject_share,unreconciled_keep_share_only,MPD Public Safety Incidents (Memphis Police Department NIBRS-coded incident feed),https://data.memphistn.gov/ (MPD_Public_Safety_Incidents ArcGIS hosted layer),supervisor_excluded_offense,"Genuine ~40% shortfall vs official controls after dedup; mechanism unverified (DV redaction leading candidate), plausibly spatially non-neutral; excluded fail-closed (STATE.md Batch B section)"
memphis_tn,"Memphis, Tennessee",47:municipal:place:4748000,burglary,feed_total_candidate,True,True,True,pass_share_only,5404.0,5404.0,1.0,1.0,True,5616.0,cius_publication_annual,high,0.03774928774928775,True,True,feed_total_candidate,admit_share_only,reconciled_within_strict_10pct,MPD Public Safety Incidents (Memphis Police Department NIBRS-coded incident feed),https://data.memphistn.gov/ (MPD_Public_Safety_Incidents ArcGIS hosted layer),runner_verbatim,"batch B 2026-07-08 runner output, adjudicated no-override"
memphis_tn,"Memphis, Tennessee",47:municipal:place:4748000,larceny,feed_total_candidate,True,True,True,pass_share_only,27253.0,27242.0,0.999596374711041,1.0,True,26978.0,cius_publication_annual,high,0.010193490992660686,True,True,feed_total_candidate,admit_share_only,reconciled_within_strict_10pct,MPD Public Safety Incidents (Memphis Police Department NIBRS-coded incident feed),https://data.memphistn.gov/ (MPD_Public_Safety_Incidents ArcGIS hosted layer),runner_verbatim,"batch B 2026-07-08 runner output, adjudicated no-override"
memphis_tn,"Memphis, Tennessee",47:municipal:place:4748000,motor_vehicle_theft,feed_total_candidate,True,True,True,pass_share_only,9647.0,9637.0,0.9989634083134653,1.0,True,9711.0,cius_publication_annual,high,0.006590464421789723,True,True,feed_total_candidate,admit_share_only,reconciled_within_strict_10pct,MPD Public Safety Incidents (Memphis Police Department NIBRS-coded incident feed),https://data.memphistn.gov/ (MPD_Public_Safety_Incidents ArcGIS hosted layer),runner_verbatim,"batch B 2026-07-08 runner output, adjudicated no-override"
memphis_tn,"Memphis, Tennessee",47:municipal:place:4748000,murder,feed_total_candidate,True,True,True,pass_share_only,240.0,240.0,1.0,1.0,True,249.0,cius_publication_annual,high,0.03614457831325301,True,True,feed_total_candidate,admit_share_only,reconciled_within_strict_10pct,MPD Public Safety Incidents (Memphis Police Department NIBRS-coded incident feed),https://data.memphistn.gov/ (MPD_Public_Safety_Incidents ArcGIS hosted layer),runner_verbatim,"batch B 2026-07-08 runner output, adjudicated no-override"
memphis_tn,"Memphis, Tennessee",47:municipal:place:4748000,rape,rejected,False,False,False,reject,0.0,0.0,,,False,429.0,cius_publication_annual,high,1.0,False,False,official_control,reject_share,unreconciled_keep_share_only,MPD Public Safety Incidents (Memphis Police Department NIBRS-coded incident feed),https://data.memphistn.gov/ (MPD_Public_Safety_Incidents ArcGIS hosted layer),runner_verbatim,"batch B 2026-07-08 runner output, adjudicated no-override"
memphis_tn,"Memphis, Tennessee",47:municipal:place:4748000,robbery,feed_total_candidate,True,True,True,pass_share_only,2115.0,2115.0,1.0,1.0,True,2138.0,cius_publication_annual,high,0.010757717492984098,True,True,feed_total_candidate,admit_share_only,reconciled_within_strict_10pct,MPD Public Safety Incidents (Memphis Police Department NIBRS-coded incident feed),https://data.memphistn.gov/ (MPD_Public_Safety_Incidents ArcGIS hosted layer),runner_verbatim,"batch B 2026-07-08 runner output, adjudicated no-override"
houston_tx,"Houston, Texas",48:municipal:place:4835000,aggravated_assault,share_only,True,False,True,pass_share_only,15410,15401,0.9994159636599611,1.0,True,18260.0,cius_publication_annual,high,0.156078860898138,False,True,official_control,admit_share_only,unreconciled_keep_share_only,"HPD NIBRS Yearly Cases (Houston Police Department NIBRS-coded incident feed, published by Houston Information Technology Services)",https://www.houstontx.gov/police/cs/Monthly_Crime_Data_by_Street_and_Police_Beat.htm (HPD_NIBRS_Yearly_Cases ArcGIS hosted layer),runner_verbatim,"batch C 2026-07-09 runner output, adjudicated no-override (agg-assault/burglary gaps consistent with victim-vs-incident counting, spatially neutral; rape 11A+11B+11C per FBI-DATA-GUIDE)"
houston_tx,"Houston, Texas",48:municipal:place:4835000,burglary,share_only,True,False,True,pass_share_only,13331,13320,0.99917485559973,1.0,True,14953.0,cius_publication_annual,high,0.1084732160770414,False,True,official_control,admit_share_only,unreconciled_keep_share_only,"HPD NIBRS Yearly Cases (Houston Police Department NIBRS-coded incident feed, published by Houston Information Technology Services)",https://www.houstontx.gov/police/cs/Monthly_Crime_Data_by_Street_and_Police_Beat.htm (HPD_NIBRS_Yearly_Cases ArcGIS hosted layer),runner_verbatim,"batch C 2026-07-09 runner output, adjudicated no-override (agg-assault/burglary gaps consistent with victim-vs-incident counting, spatially neutral; rape 11A+11B+11C per FBI-DATA-GUIDE)"
houston_tx,"Houston, Texas",48:municipal:place:4835000,larceny,feed_total_candidate,True,True,True,pass_share_only,68836,68790,0.9993317450171422,1.0,True,68315.0,cius_publication_annual,high,0.007626436360974896,True,True,feed_total_candidate,admit_share_only,reconciled_within_strict_10pct,"HPD NIBRS Yearly Cases (Houston Police Department NIBRS-coded incident feed, published by Houston Information Technology Services)",https://www.houstontx.gov/police/cs/Monthly_Crime_Data_by_Street_and_Police_Beat.htm (HPD_NIBRS_Yearly_Cases ArcGIS hosted layer),runner_verbatim,"batch C 2026-07-09 runner output, adjudicated no-override (agg-assault/burglary gaps consistent with victim-vs-incident counting, spatially neutral; rape 11A+11B+11C per FBI-DATA-GUIDE)"
houston_tx,"Houston, Texas",48:municipal:place:4835000,motor_vehicle_theft,feed_total_candidate,True,True,True,pass_share_only,15974,15970,0.9997495930887692,1.0,True,16304.0,cius_publication_annual,high,0.02024043179587831,True,True,feed_total_candidate,admit_share_only,reconciled_within_strict_10pct,"HPD NIBRS Yearly Cases (Houston Police Department NIBRS-coded incident feed, published by Houston Information Technology Services)",https://www.houstontx.gov/police/cs/Monthly_Crime_Data_by_Street_and_Police_Beat.htm (HPD_NIBRS_Yearly_Cases ArcGIS hosted layer),runner_verbatim,"batch C 2026-07-09 runner output, adjudicated no-override (agg-assault/burglary gaps consistent with victim-vs-incident counting, spatially neutral; rape 11A+11B+11C per FBI-DATA-GUIDE)"
houston_tx,"Houston, Texas",48:municipal:place:4835000,murder,feed_total_candidate,True,True,True,pass_share_only,303,303,1.0,1.0,True,320.0,cius_publication_annual,high,0.053125,True,True,feed_total_candidate,admit_share_only,reconciled_within_strict_10pct,"HPD NIBRS Yearly Cases (Houston Police Department NIBRS-coded incident feed, published by Houston Information Technology Services)",https://www.houstontx.gov/police/cs/Monthly_Crime_Data_by_Street_and_Police_Beat.htm (HPD_NIBRS_Yearly_Cases ArcGIS hosted layer),runner_verbatim,"batch C 2026-07-09 runner output, adjudicated no-override (agg-assault/burglary gaps consistent with victim-vs-incident counting, spatially neutral; rape 11A+11B+11C per FBI-DATA-GUIDE)"
houston_tx,"Houston, Texas",48:municipal:place:4835000,rape,feed_total_candidate,True,True,True,pass_share_only,1529,1527,0.9986919555264879,1.0,True,1693.0,cius_publication_annual,high,0.09686946249261666,True,True,feed_total_candidate,admit_share_only,reconciled_within_strict_10pct,"HPD NIBRS Yearly Cases (Houston Police Department NIBRS-coded incident feed, published by Houston Information Technology Services)",https://www.houstontx.gov/police/cs/Monthly_Crime_Data_by_Street_and_Police_Beat.htm (HPD_NIBRS_Yearly_Cases ArcGIS hosted layer),runner_verbatim,"batch C 2026-07-09 runner output, adjudicated no-override (agg-assault/burglary gaps consistent with victim-vs-incident counting, spatially neutral; rape 11A+11B+11C per FBI-DATA-GUIDE)"
houston_tx,"Houston, Texas",48:municipal:place:4835000,robbery,feed_total_candidate,True,True,True,pass_share_only,6383,6378,0.9992166692777691,1.0,True,6355.0,cius_publication_annual,high,0.004405979543666404,True,True,feed_total_candidate,admit_share_only,reconciled_within_strict_10pct,"HPD NIBRS Yearly Cases (Houston Police Department NIBRS-coded incident feed, published by Houston Information Technology Services)",https://www.houstontx.gov/police/cs/Monthly_Crime_Data_by_Street_and_Police_Beat.htm (HPD_NIBRS_Yearly_Cases ArcGIS hosted layer),runner_verbatim,"batch C 2026-07-09 runner output, adjudicated no-override (agg-assault/burglary gaps consistent with victim-vs-incident counting, spatially neutral; rape 11A+11B+11C per FBI-DATA-GUIDE)"
