ori,final_overlap_treatment,overlap_subtype_final,footprint_type,target_state_fips,target_county_fips,target_place_fips,target_jurisdiction_id,geometry_source_type,geometry_source_ref,confidence,source_note,reviewer_note
AZ0079700,localize_to_place,campus,,04,,73000,,official_university_pages,https://tours.asu.edu/tempe/asu-police-department,0.92,Official ASU pages tie this police footprint to the Tempe campus.,ASU's Tempe campus page and Tempe-campus police page make Tempe the defensible place proxy for the main campus record.
CA0040700,keep_statewide_overlap,local_special,statewide,,,,,official_website,https://www.parks.ca.gov/?page_id=21285,0.99,California State Parks says Northern Buttes District spans 15 units across eight counties.,"This is a multi-county state parks district, so an Oroville or Butte County proxy would be misleading."
CA0103000,keep_statewide_overlap,local_special,statewide,,,,,official_public_web,https://www.parks.ca.gov/pages/795/files/2021-22%20Statisical%20Report%20PDF.pdf,0.91,Official State Parks materials show San Joaquin Sector covers multiple counties.,"Current California State Parks materials place San Joaquin Sector units in at least Fresno and Madera counties, and the district page lists multiple separate park units under that sector, so a single place or county proxy would be misleading."
CA010M100,localize_to_place,local_special,place,06,,14274,,official_public_web,https://www.dsh.ca.gov/Coalinga/,0.9,DSH-Coalinga is a single self-contained hospital campus in Coalinga.,"DSH says Coalinga is a self-contained hospital with its own police services, while the department law-enforcement page describes officers serving in and around each hospital rather than a multi-campus regional footprint; Coalinga city is the defensible place proxy."
CA0121000,keep_statewide_overlap,local_special,statewide,,,,,official_public_web,https://www.parks.ca.gov/pages/795/files/2021-22%20Statisical%20Report%20PDF.pdf,0.96,Official State Parks materials show Eel River Sector spans Humboldt and Mendocino counties.,"The current California State Parks statistical report lists Eel River Sector units in both Humboldt and Mendocino counties, so collapsing this ORI to one place or one county would misstate the footprint."
CA0130900,localize_to_county,local_special,county_proxy,06,025,,,official_website,https://publicworks.imperialcounty.org/county-parks/,0.95,"Imperial County’s official parks page shows county-operated parks and facilities in multiple Imperial County communities, so county is the defensible proxy.","Do not use the El Centro place anchor; the department operates multiple sites including Heber, Seeley, Ocotillo, and county park facilities elsewhere in the county."
CA0170300,localize_to_county,local_special,county_proxy,06,033,,,official_website,https://www.lakecountyca.gov/1610/Parks,0.95,"Lake County’s official parks page lists county parks across several Lake County communities, making county the defensible proxy.","Do not use the Lakeport place anchor; the parks system spans Lucerne, Clearlake Oaks, Nice, Kelseyville, Middletown, Lower Lake, Upper Lake, and Lakeport."
CA0190G00,localize_to_county,local_special,county_proxy,06,037,,,official_website,https://www.lacda.org/public-housing/shared-info/locate-housing,0.88,"LACDA’s official housing sources show public housing sites distributed across Los Angeles County, so county is the least-misleading proxy.","Do not use the Los Angeles place anchor; the housing authority manages many sites in multiple Los Angeles County cities and communities, not a single municipal jurisdiction."
CA0191B00,localize_to_county,local_special,county_proxy,06,037,,,official_pdf,https://www.parks.lacounty.gov/wp-content/uploads/2024/07/DPR-Operations-Plan-2024-25_Update-_-FINAL.pdf,0.95,"LA County Parks officially manages a large multi-site park system across Los Angeles County, so county is the defensible proxy.",Do not use the Long Beach place anchor; county parks facilities are distributed across many Los Angeles County communities and park types.
CA0191E00,localize_to_place,single_campus_institution,campus_place_proxy,06,,58072,,official_state_facility_sources,https://www.dds.ca.gov/services/state-facilities/dc-closures/,0.86,Official DDS and state sources place the Lanterman campus in Pomona.,"DDS describes Lanterman as a single Pomona campus, and official state sources identify it as Pomona, so Pomona is the best place proxy."
CA0230600,localize_to_county,district_county_proxy,county_proxy_for_district,06,045,,,official_state_parks_report,https://www.parks.ca.gov/pages/795/files/07-08%20statistical%20report%20final%20online%20version_2.pdf,0.92,Official State Parks district reports place Mendocino District parks in Mendocino County.,"The same-named Mendocino District headquarters serves multiple park units within Mendocino County, so county is the cleanest defensible proxy."
CA0241000,keep_statewide_overlap,local_special,statewide,,,,,official_public_source,California State Parks statistical report (Four Rivers District acreage table),0.96,State Parks lists Four Rivers District units across multiple counties.,"Official California State Parks materials place Four Rivers District facilities in Alameda, San Joaquin, Merced, Stanislaus, and Santa Clara counties, so neither the Merced county anchor nor any single place proxy is defensible."
CA0271600,localize_to_county,local_special,county,06,053,,,official_public_source,California State Parks statistical report / planning materials for Big Sur Sector,0.93,State Parks shows Big Sur Sector parks are all in Monterey County.,"Big Sur is a multi-park sector, so a place proxy would be misleading, but the official park list places Andrew Molera, John Little, Julia Pfeiffer Burns, Limekiln, Pfeiffer Big Sur, and Point Sur in Monterey County, making county localization defensible."
CA0271700,localize_to_county,local_special,county_proxy,06,053,,,official_public_web,https://www.parks.ca.gov/pages/795/files/2021-22%20Statisical%20Report%20PDF.pdf,0.88,California State Parks' Monterey District materials place the district's current units in Monterey County.,"A place proxy to Monterey city would be too narrow, but Monterey County is a defensible sub-state proxy because the current Monterey District sectors and units listed by State Parks are in Monterey County."
CA0280700,keep_statewide_overlap,local_special,statewide,,,,,official_public_source,California State Parks operator and park-footprint pages for Napa County-operated parks,0.85,Official State Parks sources tie Napa County operations to parks that extend beyond Napa County.,"California State Parks shows Napa County Regional Park and Open Space District operating Bothe-Napa Valley and Robert Louis Stevenson, and official park lists show those parks extend into Sonoma and Lake counties, so a Napa County or single-place proxy would be misleading."
CA0280800,localize_to_place,local_special,place,06,,50258,,official_website,https://www.dsh.ca.gov/Law_Enforcement/index.html ; https://www.dsh.ca.gov/Napa/Contact_Info.html,0.95,Official DSH pages show hospital police are assigned to each hospital and Napa State Hospital is located in Napa.,"DSH says its police provide safety in and around each hospital, and Napa's official contact page gives a single Napa address for the hospital, so a Napa place proxy is defensible."
CA0290400,localize_to_county,local_special,county,06,057,,,official_public_source,California State Parks statistical report / Gold Mines Sector references,0.92,State Parks identifies Gold Mines Sector parks in Nevada County.,"Gold Mines is a multi-park sector, so not a place proxy, but official State Parks materials tie Empire Mine, Malakoff Diggins, and South Yuba River to Gold Mines Sector and place them in Nevada County, making county localization defensible."
CA0303300,keep_statewide_overlap,state_park_district_multi_county,statewide,,,,,official_state_park_sources,https://www.parks.ca.gov/?page_id=26089,0.95,"Orange Coast District includes multiple park units, including San Onofre in San Diego County.","Official California State Parks pages list Orange Coast District parks across several cities, and an official San Onofre release identifies that unit as being in San Diego County, so collapsing this district to Orange County or a single place would misstate the footprint."
CA0309700,localize_to_county,campus,county,06,059,,,official_university_pages,https://www.police.uci.edu/ ; https://www.police.uci.edu/clery-reporting/annual-security-and-fire-safety-report.php,0.94,Official UCI sources show UCIPD serves both the Irvine campus and the medical center in Orange.,Irvine-only would understate the footprint; Orange County is the defensible proxy.
CA0310700,keep_statewide_overlap,local_special,multi_county_special_district,,,,,official_state_report,https://www.parks.ca.gov/pages/795/files/2021-22%20Statisical%20Report%20PDF.pdf,0.98,Official California State Parks listings show Sierra District spans multiple sectors and park units across several counties.,Neither the Nevada County anchor nor a single place proxy fits this district’s multi-county footprint.
CA0320200,localize_to_county,state_park_single_county,county,06,063,,,official_state_park_directory,https://www.parks.ca.gov/RVLength,0.97,Plumas-Eureka State Park is identified by California State Parks as being in Plumas County.,"The official park materials place Plumas-Eureka west of Blairsden and the official state parks directory lists the unit in Plumas County, so county is the defensible proxy and the Blairsden place anchor is too narrow."
CA0332400,keep_statewide_overlap,local_special,statewide_overlap,,,,,official_public_pdf,California State Parks Inland Empire District materials,0.95,"California State Parks says Inland Empire District spans Orange, Riverside, and San Bernardino counties.","Official materials show a multi-county state parks district, so a place or county proxy would be misleading and the overlap should remain statewide."
CA0332600,localize_to_county,state_park_multi_access_single_county,county,06,065,,,official_state_park_directory,https://www.parks.ca.gov/RVLength,0.96,Mount San Jacinto State Park has multiple access points but California State Parks lists it in Riverside County.,"Official park pages show the park operates from both Idyllwild and Palm Springs access points, making any single place proxy misleading, while the official state parks directory places the unit in Riverside County."
CA0333700,keep_statewide_overlap,state_park_multi_county,statewide,,,,,official_state_park_sources,https://www.parks.ca.gov/?page_id=648,0.98,"Chino Hills State Park officially spans Orange, Riverside, and San Bernardino counties.","California State Parks describes Chino Hills State Park as sitting where Orange, Riverside, and San Bernardino counties meet and as being located within three counties, so neither the Chino Hills place anchor nor a single county proxy is reliable."
CA0342200,keep_statewide_overlap,local_special,multi_city_multi_county_special_district,,,,,official_state_website,https://www.parks.ca.gov/?page_id=27171,0.9,Official California State Parks sources show Capital District public safety covers Sacramento sites plus the California Indian Heritage Center property in West Sacramento.,Place and county proxies would both be misleading because the district spans Sacramento and West Sacramento/Yolo County park property.
CA0365700,localize_to_county,local_special,county,06,071,,,official_website,https://www.dsh.ca.gov/Law_Enforcement/index.html ; https://www.dsh.ca.gov/Patton/Contact_Information.html,0.95,Official DSH pages show hospital police are assigned to each hospital and Patton State Hospital is located in Patton.,Patton is not a live municipal place in the reference layer so San Bernardino County is the cleanest defensible proxy.
CA0372200,keep_statewide_overlap,local_special,statewide,,,,,official_public_sources,https://www.parks.ca.gov/pages/795/files/Planning%20Milestones%202005.pdf,0.89,Official California State Parks sources show Colorado Desert District includes units in multiple counties.,"The Borrego Springs anchor is only the district office area; the district includes units such as Cuyamaca Rancho in San Diego County and Picacho SRA in Imperial County, so local proxies would mislead."
CA0379700,localize_to_place,campus,,06,,66000,,official_clery_report_and_census_place_catalog,https://www.police.ucsd.edu/docs/annualclery.pdf,0.88,"UC San Diego police materials place the relevant campus and off-campus sites within San Diego, making San Diego city the least-misleading place proxy.","The anchor place code points to La Jolla, but UCSD's official safety report covers campus geography and related sites within the City of San Diego, so San Diego city is the better place proxy."
CA0401200,localize_to_county,local_special,,06,079,,,official_website,https://www.parks.ca.gov/?page_id=21291,0.94,California State Parks shows San Simeon operations spanning San Simeon and Cambria within San Luis Obispo County.,"Do not use the San Simeon place anchor because the official park page places facilities between San Simeon and Cambria, while the district HQ and park are both within San Luis Obispo County."
CA0491400,localize_to_county,campus,county,06,097,,,official_website,https://catalog2024-2025.santarosa.edu/catalog-2024-2025/district-police ; https://www.santarosa.edu/locations,0.96,Official SRJC pages show district police serve all district campuses and properties across multiple Sonoma County locations.,"The District Police Department explicitly serves all Sonoma County Junior College District campuses and property, and SRJC lists major sites in Santa Rosa, Petaluma, Windsor, and Forestville; because service is multi-city but still contained within Sonoma County, county is the cleanest proxy."
CO0160400,localize_to_place,campus,place,08,,04000,,official_public_sources,https://www.cuanschutz.edu/police,0.92,CU Anschutz Police is tied to the contiguous Anschutz campus in Aurora.,"Official CU Anschutz police pages point to a single contiguous Aurora campus, so Aurora is a defensible place proxy."
GA0331300,localize_to_county,campus,county_proxy,13,067,,,official_public_web,https://www.cobbk12.org/police-department,0.87,"CCSD Police serves the countywide school district, which operates 112 schools across Cobb County.","The pseudo-place anchor is weak, but county is a defensible proxy because the police department serves the Cobb County School District rather than a single municipality."
GA0441100,localize_to_county,local_special,,13,089,,,official_website,https://georgia.gov/organization/stone-mountain-memorial-association,0.89,Official Stone Mountain sources place the park and park-police operations in DeKalb County.,"The park is a large special-jurisdiction footprint managed by SMMA; county is safer than the Stone Mountain place anchor, and official park materials identify DeKalb County."
GA0630600,localize_to_county,campus,county,13,127,,,official_public_sources,https://www.glynn.k12.ga.us/37824_4,0.94,"Official sources show Glynn County School Police cover schools across Glynn County, including Brunswick and St. Simons Island campuses.","The pseudo-place anchor is not reliable, and the district police are assigned throughout the school system across multiple campuses and communities within Glynn County, making county the clean proxy."
IL0100700,localize_to_county,campus,,17,019,,,official_university_and_census_maps,https://docs.fs.illinois.edu/wp-content/uploads/2023/02/Main-Campus-Map.pdf,0.97,"Official Illinois materials show the campus spans both Champaign and Urbana, so county is the cleanest proxy.","Because the Urbana-Champaign campus crosses both municipalities and both sit in Champaign County, county is a defensible sub-state proxy and better than forcing Urbana alone."
IL0493200,localize_to_county,campus,county,17,097,,,official_website,https://www.clcillinois.edu/visit-us/take-a-tour,0.98,"CLC lists campuses in Grayslake, Waukegan, Vernon Hills, and Gurnee under the college police department.","Multiple municipal campuses make a place proxy misleading, while Lake County is a clean county-level proxy for this college footprint."
IL0562700,localize_to_county,local_special,county_proxy,17,111,,,official_park_district_report,https://www.crystallakeparks.org/upload/CrystalLakeParkDistrictACFR23.pdf,0.97,"Official park district materials place the service area across Crystal Lake, Lakewood, a small part of Lake in the Hills, and nearby unincorporated areas within McHenry County.",Do not collapse to Crystal Lake city; McHenry County is the defensible sub-state proxy.
IL0841800,localize_to_county,local_special,county,17,167,,,official_park_district_materials,Springfield Park District ordinance and district overview,0.91,Springfield Park District is a Sangamon County park district whose boundaries extend beyond the city of Springfield.,"Official district materials describe a metro-area footprint and identify the district as Sangamon County, so county is a cleaner proxy than Springfield city."
IL0901600,localize_to_county,local_special,county,17,179,,,official_public_sources,https://www.pekinparkdistrict.org/contact/park-police/,0.95,"Official sources show Pekin Park District police cover district properties in both Pekin and Marquette Heights, which are within Tazewell County.",Place proxy to Pekin is too narrow because the district includes Independence Park in Marquette Heights; county remains a clean sub-state proxy.
IL1011400,localize_to_place,transport_hub,place,17,,65000,,official_public_web,https://flyrfd.com/wp-content/uploads/2017/08/RFD-Rules-and-Regulations-March-2025.pdf,0.91,Official airport sources tie this agency to Chicago Rockford International Airport property in Rockford.,"GRAA officially manages Chicago Rockford International Airport, its rules apply to access and use of the airport, and airport-property work requires City of Rockford permits, so Rockford is a defensible place proxy rather than the broader authority tax area."
KY0250400,localize_to_county,campus,county_proxy,21,049,,,official_website,https://www.clarkschools.net/en/district-maps-f04d69ec,0.95,Official district and KDE pages show Clark County Public Schools as a county district with county-and-city district maps.,"The pseudo-place anchor is not reliable, and the district footprint is county-based rather than Winchester-only."
KY0340800,localize_to_place,local_special,place,21,,46027,,official_website,https://kyhorsepark.com/park-information/directions/,0.97,Kentucky Horse Park is a single Lexington campus in Fayette County.,"Official directions and campus maps show one contiguous park campus at 4089 Iron Works Parkway in Lexington-Fayette, so the Lexington-Fayette urban county place proxy is defensible."
KY0370300,keep_statewide_overlap,local_special,statewide,,,,,official_statute,https://apps.legislature.ky.gov/law/statutes/statute.aspx?id=53277,0.99,Kentucky law gives park rangers peace-officer powers on park property in all parts of the state.,The Frankfort anchor is a headquarters artifact; the ranger division serves the statewide Kentucky State Parks system.
MD0172500,localize_to_county,campus,county,24,033,,,official_public_source,https://umpd.umd.edu/about-us/jurisdiction,0.93,UMPD jurisdiction includes the College Park campus plus adjacent areas in multiple nearby Prince George's County places.,"UMPD's official jurisdiction page and annual report show primary campus jurisdiction plus concurrent jurisdiction in adjacent areas of College Park, Adelphi, Riverdale Park, and park property, making county the narrowest defensible allowed proxy."
MI3992400,localize_to_county,transport_hub,county,26,077,,,official_public_web,https://old.kalcounty.com/sheriff/divisions.htm,0.88,Official county sources show airport policing is the sheriff’s airport detail at AZO in Kalamazoo County.,"Kalamazoo County states its sheriff's airport detail patrols Kalamazoo/Battle Creek International Airport 24/7, and county offices list the airport at 5235 Portage Road; because the place anchor may not cleanly match the airport footprint, county is the safer sub-state proxy."
MI5292100,localize_to_county,transport_hub,county,26,103,,,official_website+official_dataset,https://sawyerairport.com/contact-us/,0.88,Official airport sources place the single Marquette Sawyer Regional Airport facility in Gwinn in Marquette County.,Gwinn is not a live municipal place in the reference layer so Marquette County is the cleanest defensible proxy.
MI7384000,localize_to_county,transport_hub,county,26,145,,,official_website+official_dataset,https://mbsairport.org/about-us/,0.9,Official airport sources locate MBS International Airport in the Freeland area within Saginaw County.,Freeland is not a live municipal place in the reference layer so Saginaw County is the cleanest defensible proxy.
MI8190300,localize_to_county,campus,county,26,161,,,official_public_source,https://regents.umich.edu/governance/regents-ordinance/ordinance-article-17/,0.86,UMPD authority is described for Ann Arbor and elsewhere within Washtenaw County.,"The Ann Arbor campus is the core anchor, but the Regents ordinance expressly addresses enforcement both within the City of Ann Arbor and outside the city but within Washtenaw County, so county is the safer proxy."
MO0261600,keep_statewide_overlap,local_special,,,,,,official_website,https://mostateparks.com/page/state-park-rangers,0.99,Missouri State Park Rangers are a statewide force serving state parks throughout Missouri.,"Official ranger pages describe statewide jurisdiction on lands under DNR control and note rangers travel to parks and events throughout Missouri, so a local proxy would mislead."
NC0680500,localize_to_county,local_special,county,37,135,,,official_public_sources,https://www.med.unc.edu/healthsciences/unc-pa/wp-content/uploads/sites/482/2020/12/Personal-Security-Policy.pdf,0.91,Official UNC sources show hospital police/security coverage spans Chapel Hill and Hillsborough campuses in Orange County.,A Chapel Hill place proxy would understate the Hillsborough campus; Orange County is a clean sub-state proxy for the covered UNC Hospitals footprint shown here.
NJ0073100,localize_to_county,campus,county,34,013,,,official_public_sources,https://www.essex.edu/wp-content/uploads/2024/09/2024-Annual-Security-and-Fire-Safety-Report.pdf,0.92,Official ECC sources show college police/public safety covers Newark and West Caldwell campuses within Essex County.,"Do not use the pseudo-place anchor; the college has at least Newark and West Caldwell campuses, so county is the defensible proxy."
NJ0122600,localize_to_county,campus,county,34,023,,,official_public_sources,https://middlesexcollege.edu/campus-safety/,0.95,"Middlesex College Police serves the Edison campus plus New Brunswick and Perth Amboy centers, all within Middlesex County.","Official college safety and map pages show a multi-municipality footprint, so a place proxy would understate service while county remains clean."
NY212UN00,localize_to_place,campus,place_proxy,36,,20126,,official_public_web,https://www2.census.gov/geo/pvs/bas/bas24maps/st36_ny/incplace/p3620126_delhi/BAS24P13600020126.pdf,0.85,"SUNY Delhi police are campus-limited, and Census maps SUNY Main Road/college features inside Delhi village.",The pseudo-place anchor should be replaced with Delhi village; official SUNY materials confine police jurisdiction to campus property and the Census incorporated-place map places the campus roads within Delhi village.
SC0421600,localize_to_county,campus,county,45,083,,,official_website,https://www.smcsc.edu/resources/campus-safety/report-an-incidentcrime/,0.94,SMC says its main campus is outside Spartanburg city limits and it also has an off-campus studio in Spartanburg.,A place proxy is weak for this multi-site campus footprint; Spartanburg County is the cleanest defensible sub-state proxy.
TN0190K00,localize_to_place,campus,place,47,,52006,,official_public_sources,https://www.lincolntech.edu/campus/nashville-tn,0.94,Lincoln Tech lists a single Tennessee campus at 2813 Brick Church Pike in Nashville.,"Official Lincoln Tech pages show only one Tennessee campus in Nashville, so Nashville-Davidson balance is the defensible place target."
TN0220600,localize_to_place,local_special,place_proxy,47,,20620,,official_website,https://www.cityofdickson.com/parks-department,0.93,Official City of Dickson pages show the parks department as a municipal City of Dickson function managing city parks.,"This reads as a city parks special jurisdiction, so the Dickson place proxy is defensible."
TX0210400,localize_to_county,campus,county,48,041,,,official_public_source,https://rules-saps.tamu.edu/PDFs/34.06.01.M0.01.pdf,0.89,Texas A&M UPD serves the main campus and satellite facilities throughout Brazos County.,"Official Texas A&M sources tie this agency to the College Station main campus but also describe service beyond the city into satellite facilities in Brazos County, so county is the narrowest defensible proxy."
TX2211000,localize_to_place,campus,place,48,,01000,,official_university_and_census,HSU safety report and Census Abilene FIPS,0.94,"HSUPD's primary jurisdiction is HSU-owned properties, all listed in the safety report at Abilene addresses.","Current official materials show campus police serving HSU properties, nearby housing, and athletic facilities in Abilene, so the place proxy is defensible despite the pseudo-place anchor."
WA0172400,localize_to_place,campus,,53,,63000,,official_clery_report,https://police.uw.edu/wp-content/uploads/2023/09/Annual-Security-and-Fire-Safety-Report-2025-2026.pdf,0.96,Official UW materials assign UWPD to the Seattle campus.,"UW's annual security report defines UWPD's primary responsibility around the Seattle campus, and the university contact page treats Bothell and Tacoma as separate public-safety setups, so Seattle is the defensible place proxy."
MD0020300,localize_to_custom_footprint,transport_hub,airport_property_and_operational_facilities,24,,,,official_maa_bwi_contiguous_property_definition_plus_comar_mdta_scope,"https://marylandaviation.com/wp-content/uploads/2020/11/111220_Appendix%20H%20-%20Biological.pdf | https://marylandaviation.com/wp-content/uploads/2020/11/111220_Final%20EA%20and%20Section%204f%20Determination%20and%20Finding%20of%20No%20Significant%20Impact%20%20Record%20of%20Decision.pdf | https://regs.maryland.gov/us/md/exec/comar/11.03.01.01 | https://mgaleg.maryland.gov/mgawebsite/laws/StatuteText?article=gtr&section=4-208 | https://mdta.maryland.gov/sites/default/files/Files/Financial_Statements/2025%20Financial%20Statements%20and%20Supplemental%20Exhibits.pdf",0.98,Official MAA and MDTA sources tie MD0020300 to the bounded BWI airport-property and operational-facilities footprint rather than any county place or statewide MDTA proxy.,"Use a custom BWI airport-property footprint when available; until then keep broad overlap instead of collapsing to a county or place surrogate."
GA0602400,localize_to_custom_footprint,transport_hub,airport_property_footprint,13,,,,official_airport_and_city_sources,"https://www.atlantapd.org/services/community-services/airport | https://www.atl.com/c4/ | https://www.atl.com/about-atl/atl-factsheet/ | https://atlanta.elaws.us/code/coor_ptii_ch22_artiii_div6_sec22-182 | https://www.atl.com/wp-content/uploads/2025/08/FY26_Rates-Charges-Book.pdf | https://www.atl.com/wp-content/uploads/2017/01/ATL-Lease.pdf",0.95,Official Atlanta Police and airport materials tie GA0602400 to the bounded Hartsfield-Jackson airport property and airport policing layer rather than Atlanta city or a single county proxy.,"Use a custom Hartsfield-Jackson airport-property footprint when available; until then keep broad overlap instead of collapsing to Atlanta or one county."
DCMTP0000,localize_to_custom_footprint,transit,wmata_transit_network_and_facilities,11,,,,official_wmata_compact_and_system_sources,"https://www.wmata.com/about/transit-police/about.cfm | https://www.wmata.com/about/records/public_docs/upload/Compact_Annotated_2009_final.pdf | https://wmata.com/service/upload/Jurisdiction_Boundary.pdf",0.96,Official WMATA materials show Metro Transit Police is a tri-jurisdictional transit police agency whose defensible footprint follows WMATA transit facilities and services rather than any single county or place.,"Use a custom WMATA transit-network-and-facilities footprint when available; until then keep broad overlap instead of collapsing to a county or place surrogate."
UT0184000,localize_to_custom_footprint,transit,transit_network_and_properties,49,,,,official_gtfs_plus_uta_property_sources,"https://gtfsfeed.rideuta.com/GTFS.zip | https://www.rideuta.com/Rider-Tools/Schedules-and-Maps | https://www.rideuta.com/Rider-Info/Station-Addresses | https://www.rideuta.com/Rider-Info/Park-and-Ride-Lots",0.96,Official UTA materials and Utah law tie UT0184000 to UTA vehicles stations stops rights-of-way lots and other transit facilities across a multicounty service area rather than any single county or place.,"Use a custom UTA transit-network-and-properties footprint when available; until then keep broad overlap instead of collapsing to Salt Lake County or any place proxy."
NJNYPOA00,localize_to_custom_footprint,transport_hub,multistate_authority_system_footprint,34,,,,official_port_authority_facility_sources,"https://www.panynj.gov/content/dam/corporate/budgets-pdfs/2025-Budget-Book.pdf | https://www.panynj.gov/content/dam/port-authority/pdfs/goods-and-services-pdfs/RFPQDOC_6000000799.pdf | https://www.panynj.gov/content/dam/corporate/consolidated-bonds-%26-notes-pdfs/port-authority-OS-series-251.pdf | https://www.papdrecruit.com/pages/welcome | https://www.nj.gov/oag/dcj/pdfs/criminal_law_digest-orginal.pdf",0.95,Official Port Authority materials show PAPD follows a bi-state facility system spanning airports PATH bridges tunnels terminals marine facilities and the World Trade Center rather than any single county place or the full Port District.,"Use a custom Port Authority facility-system footprint when available; until then keep broad overlap instead of collapsing to a county place or full legal district."
NY0300300,localize_to_custom_footprint,transport_hub,multistate_authority_system_footprint,36,,,,official_port_authority_facility_sources,"https://www.panynj.gov/content/dam/corporate/budgets-pdfs/2025-Budget-Book.pdf | https://www.panynj.gov/content/dam/port-authority/pdfs/goods-and-services-pdfs/RFPQDOC_6000000799.pdf | https://www.panynj.gov/content/dam/corporate/consolidated-bonds-%26-notes-pdfs/port-authority-OS-series-251.pdf | https://www.papdrecruit.com/pages/welcome | https://www.nj.gov/oag/dcj/pdfs/criminal_law_digest-orginal.pdf",0.95,Official Port Authority materials show NY0300300 is the same Port Authority system case and follows a bi-state facility footprint rather than any single county or place.,"Use the same custom Port Authority facility-system footprint as NJNYPOA00 when available; until then keep broad overlap."
VAMWA0000,localize_to_custom_footprint,transport_hub,mwaa_multi_facility_airports_and_roadways,51,,,,official_mwaa_airports_and_roadways_sources,"https://www.mwaa.com/about-airports-authority-0 | https://www.mwaa.com/policefireems/mwaa-police-department/chief-police | https://www.mwaa.com/policefireems/mwaa-police-department/operational-services | https://www.mwaa.com/sites/mwaa.com/files/2025-03/2024_police_annual_report.pdf | https://www.mwaa.com/policefireems/mwaa-police-department/safety-service-patrol-dulles-toll-road | https://www.mwaa.com/policefireems/public-safety-communications | https://www.mwaa.com/citizen-online-reporting-system | https://www.flyreagan.com/airport-overview | https://www.flydulles.com/airport-overview | https://law.lis.virginia.gov/vacode/title5.1/chapter10/section5.1-152/ | https://law.lis.virginia.gov/vacode/title5.1/chapter10/section5.1-156/ | https://law.lis.virginia.gov/vacode/title5.1/chapter10/section5.1-158/",0.95,Official MWAA materials tie VAMWA0000 to Reagan National airport property Dulles International airport property and the MWAA-policed Dulles roadway facilities rather than any single county or place.,"Use a custom MWAA authority footprint when available; until then keep broad overlap instead of collapsing to a county or place surrogate."
NJ0073200,localize_to_custom_footprint,transit,nj_transit_network_and_facilities,34,,,,official_nj_transit_system_and_statute_sources,"https://pub.njleg.state.nj.us/Bills/2018/AL18/162_.PDF | https://police.njtransit.com/aboutus | https://police.njtransit.com/bureaus | https://police.njtransit.com/transit-districts | https://police.njtransit.com/sites/default/files/njtpolice_district_map.pdf | https://www.njtransit.com/accessibility/System-Map | https://www.njtransit.com/press-releases/nj-transit-wins-national-award-anti-human-trafficking-campaign",0.96,Official NJ TRANSIT statute police and system materials show NJ0073200 follows the NJ TRANSIT multimodal network and associated facilities within New Jersey rather than any single county place or the whole state.,"Use a custom NJ TRANSIT network-and-facilities footprint when available; until then keep broad overlap instead of collapsing to a county or place surrogate."
TX2203600,localize_to_custom_footprint,transport_hub,airport_property_and_operational_facilities,48,,,,official_dfw_airport_police_plus_airport_boundary_sources,"https://www.dfwairport.com/dps/police/ | https://www.dfwairport.com/business/about/facts/ | https://www.dfwairport.com/business/about/board/ | https://dfwairport-prd-dfw-vip.dfwairport.com/cs/groups/webasset/documents/webasset/p1_005909.pdf | https://assets.ctfassets.net/m2p70vmwc019/2ev1VoQGwZAo4tGQ5NrHPY/2614e5c914d456510c4019477916ae3b/DFW_Publications_The_Code_of_Rules_and_Regulations_Chapter_1_General_Provisions.pdf | https://dfwairport-prd-dfw-vip.dfwairport.com/cs/groups/webcontent/documents/webasset/p2_950004.pdf",0.98,Official DFW airport police and airport-boundary sources tie TX2203600 to the DFW airport campus and operational facilities rather than Dallas Fort Worth Dallas County or Tarrant County.,"Use a custom DFW airport-property footprint when available; until then keep broad overlap instead of collapsing to a county or place surrogate."
CA0012100,localize_to_custom_footprint,transit,bart_multi_county_system_properties,06,,,,official_bart_police_system_property_sources,"https://www.bart.gov/about | https://www.bart.gov/about/police | https://www.bart.gov/about/police/zones | https://www.bart.gov/sites/default/files/docs/BPD%20Strategic%20Plan%20Draft%202023%20-%202027%20-%20FINAL.pdf | https://www.bart.gov/sites/default/files/docs/BART%20Police%20AR%2010_16_17.pdf | https://leginfo.legislature.ca.gov/faces/codes_displaySection.xhtml?lawCode=PEN&sectionNum=830.33. | https://leginfo.legislature.ca.gov/faces/codes_displaySection.xhtml?lawCode=PUC&sectionNum=99170. | ./data/FBI-CDE-Agency-Rosters-2024/parsed/agency_rosters_2024.csv | ./state/review/analysis/source_audit/fbi_cde_roster_validation/ori_source_validation_2024.csv | ./state/review/queues/local_resolution/provisional_local_agency_matches.parquet",0.98,Official BART police and district sources show CA0012100 follows BART-owned operated or administered system properties and BART-policed agreement facilities across the multi-county system rather than Alameda County Oakland or any other single county/place proxy.,"Use a custom BART system-and-district-property footprint when available; until then keep broad overlap instead of collapsing to Alameda County Oakland or another county/place surrogate."
CA0071800,localize_to_custom_footprint,transit,bart_contra_costa_county_subset_of_bart_system_properties_and_agreement_facilities,06,,,,official_bart_contra_costa_county_slice_and_property_scope_sources,"https://www.bart.gov/about | https://www.bart.gov/about/police | https://www.bart.gov/about/police/zones | https://www.bart.gov/sites/default/files/docs/BPD%20Strategic%20Plan%20Draft%202023%20-%202027%20-%20FINAL.pdf | https://www.bart.gov/sites/default/files/docs/BART%20Police%20AR%2010_16_17.pdf | https://www.bart.gov/sites/default/files/2026-02/2026-01%20Chief%27s%20Monthly%20Report.pdf | https://leginfo.legislature.ca.gov/faces/codes_displaySection.xhtml?lawCode=PEN&sectionNum=830.33. | https://leginfo.legislature.ca.gov/faces/codes_displaySection.xhtml?lawCode=PUC&sectionNum=99170. | https://ucr.fbi.gov/crime-in-the-u.s/2019/crime-in-the-u.s.-2019/tables/table-81/table-81-state-cuts/california.xls | https://ucr.fbi.gov/hate-crime/2018/tables/table-13-state-cuts/california.xls | https://www.contracosta.ca.gov/DocumentCenter/View/52195/DRAFT-Recirculated-EIR-PDF---Large-File | ./data/FBI-CDE-Agency-Rosters-2024/parsed/agency_rosters_2024.csv | ./state/review/analysis/source_audit/fbi_cde_roster_validation/ori_source_validation_2024.csv",0.95,Official BART police reports county/public station-area materials California statutes and current FBI-derived roster evidence show CA0071800 is an active Contra Costa reporting slice of the single BART Police Department whose footprint follows Contra Costa BART properties and agreement-policed facilities rather than Contra Costa County any city proxy or the full BART system.,"Use a Contra Costa-clipped BART property footprint when available; until then keep broad overlap. Merge provider identity with CA0012100 only after clipping geometry to Contra Costa BART properties."
CA0019700,localize_to_custom_footprint,campus,discontiguous_campus_and_associated_university_properties,06,,,,official_ucpd_berkeley_jurisdiction_plus_uc_property_sources,"https://ucpd.berkeley.edu/topics/jurisdiction | https://ucpd.berkeley.edu/safety/enhancing-safety-campus-and-community | https://vca.berkeley.edu/annual-reports/2022-vca-annual-report/milestones-and-goals-vca-department-2023/2022-vca-annual-9 | https://www.berkeley.edu/map/ | https://www.berkeley.edu/wp-content/uploads/2025/06/campus-map-20250609.pdf | https://housing.berkeley.edu/explore-housing-options/family-student-housing-university-village/ | https://rfs.berkeley.edu/ | https://leginfo.legislature.ca.gov/faces/codes_displaySection.xhtml?lawCode=EDC&sectionNum=92600. | https://leginfo.legislature.ca.gov/faces/codes_displaySection.xhtml?lawCode=PEN&sectionNum=830.2. | https://www.ci.richmond.ca.us/112/History-of-Richmond | https://www.contracosta.ca.gov/4433/Kensington",0.97,Official UC Berkeley police and university property sources show CA0019700 follows a discontiguous campus-and-associated-properties footprint spanning the Berkeley campus core and Berkeley-served UC properties rather than Berkeley city Alameda County or a broader UC-system proxy.,"Use a custom UC Berkeley campus-and-associated-properties footprint when available; until then keep broad overlap instead of collapsing to Berkeley city or Alameda County."
CA0199700,localize_to_custom_footprint,campus,ucla_discontiguous_property_and_adjacent_public_property_network,06,,,,official_ucla_police_clery_property_sources,"https://leginfo.legislature.ca.gov/faces/codes_displaySection.xhtml?lawCode=EDC&sectionNum=92600. | https://leginfo.legislature.ca.gov/faces/codes_displaySection.xhtml?lawCode=PEN&sectionNum=830.2. | https://police.ucla.edu/about-ucla-pd/operations-bureau/uniformed-patrol-division | https://police.ucla.edu/about-ucla-pd/department-information/ucla-pd-mission-statement-background | https://police.ucla.edu/services/police-services/filing-a-report | https://police.ucla.edu/reports-statistics/jeanne-clery-act/campus-security-authorities-csa | https://www.ucla.edu/pdf/ucla-campus-map.pdf | https://ask.housing.ucla.edu/app/answers/detail/a_id/90/~/off-campus-buildings | https://ask.housing.ucla.edu/app/answers/detail/a_id/1683/~/university-apartments-administration-office-locations | https://housing.ucla.edu/student-housing/graduate-students-and-students-with-families/things-to-consider-before-applying | https://www.uclahealth.org/hospitals/santa-monica/about-medical-center | https://www.capitalprograms.ucla.edu/file/pdf/901_Levering_Final_IS-MND_260227.pdf | https://www.capitalprograms.ucla.edu/file/pdf/UCLA_Health_SMI_Final_IS-MND_260227.pdf",0.97,Official UCLA police Clery housing health and planning materials show CA0199700 follows a discontiguous UCLA property network rather than a Westwood-only campus polygon Los Angeles city or Los Angeles County.,"Use a custom UCLA property-network footprint when available; until then keep broad overlap instead of collapsing to a Westwood-only campus polygon or Los Angeles city/county proxy."
CA0579700,localize_to_custom_footprint,campus,uc_davis_multi_campus_property_footprint,06,,,,official_uc_davis_police_two_campus_property_sources,"https://police.ucdavis.edu/ | https://police.ucdavis.edu/uc-davis-difference/our-team/davis | https://police.ucdavis.edu/uc-davis-difference/our-team/sacramento | https://police.ucdavis.edu/dashboard | https://police.ucdavis.edu/crime-safety-data | https://police.ucdavis.edu/careers | https://siss.ucdavis.edu/emergency-contact-information/about-law-enforcement | https://transportation.ucdavis.edu/gethere | https://environmentalplanning.ucdavis.edu/ | https://environmentalplanning.ucdavis.edu/sacramento | https://health.ucdavis.edu/patients-visitors/locations/ | https://health.ucdavis.edu/common/includes/shared/map/UC-Davis-Sacramento-campus-map.pdf | https://clery.ucdavis.edu/sites/g/files/dgvnsk1761/files/media/documents/ASFSR-UCD-2024vOct2024_0.pdf | https://leginfo.legislature.ca.gov/faces/codes_displayText.xhtml?article=1.&chapter=6.&division=9.&lawCode=EDC&part=57.&title=3. | https://leginfo.legislature.ca.gov/faces/codes_displaySection.xhtml?lawCode=PEN&sectionNum=830.2.",0.97,Official UC Davis police and campus planning sources show CA0579700 follows a discontiguous UC Davis two-campus property footprint covering Davis and Sacramento campus properties rather than Davis place Yolo County Sacramento County or a whole-UC-Davis institutional proxy.,"Use a custom UC Davis two-campus property footprint when available; until then keep broad overlap instead of collapsing to Davis place Yolo County or Sacramento County."
MA0096200,localize_to_custom_footprint,campus,harvard_multi_campus_massachusetts_property_and_clery_network,25,,,,official_hupd_clery_maps_plus_harvard_property_and_ops_sources,"https://www.hupd.harvard.edu/about | https://www.hupd.harvard.edu/faq/how-do-i-get-harvard-university-police-department | https://www.hupd.harvard.edu/clery-geography-maps | https://www.hupd.harvard.edu/node/1556981 | https://www.hupd.harvard.edu/sites/g/files/omnuum2276/files/2024-10/2024%20Annual%20Security%20Report%20101724.pdf | https://www.hupd.harvard.edu/sites/g/files/omnuum12486/files/2025-11/Cambridge%20Campus%20Clery%20Geography%20112525.pdf | https://www.hupd.harvard.edu/sites/g/files/omnuum12486/files/2025-11/110425_0.pdf | https://www.hupd.harvard.edu/sites/g/files/omnuum2276/files/2024-10/100524.pdf | https://www.hupd.harvard.edu/sites/g/files/omnuum12486/files/2025-10/100325.pdf | https://huhousing.harvard.edu/our-properties/holden-green | https://www.harvard.edu/visit/maps-directions/ | https://oira.harvard.edu/factbook/fact-book-physical-plant/ | https://cfs.mcz.harvard.edu/about | https://harvardforest.fas.harvard.edu/visit/",0.98,Official HUPD Clery and operational sources show MA0096200 follows Harvard owned or controlled Massachusetts campuses and affiliated residences across Cambridge Allston Boston Somerville Bedford and Petersham rather than a single place or county proxy.,"Use a custom Massachusetts-only Harvard property and Clery footprint built from the official HUPD campus Clery maps for Cambridge Longwood Arnold Arboretum Concord Field Station and Harvard Forest plus QA from official housing and property pages. Exclude foreign Harvard campuses and generic city neighborhoods; until the custom geometry exists keep broad overlap rather than collapsing to Cambridge Boston Middlesex or Suffolk."
TX2270500,localize_to_custom_footprint,campus,multi_site_ut_austin_campus_and_formally_mapped_near_campus_patrol_footprint,48,,,,official_utpd_jurisdiction_pages_plus_ut_austin_eop_and_ut_system_policy,"https://police.utexas.edu/about/authority | https://compliance.utexas.edu/sites/default/files/documents/ASFSR%202025%20final.pdf | https://emergencymanagement.utexas.edu/sites/default/files/documents/Emergency%20Operations%20Plan_2025_SIGNED_Final.pdf | https://police.utexas.edu/records-reports/interactive-transparency-dashboards | https://www.utsystem.edu/sites/policy-library/policies/uts-160-jurisdiction-of-commissioned-peace-officers | https://utsystem.edu/sites/default/files/documents/ut-system-reports/2024/utaus-university-of-texas-at-austin-police-department-report/utaus-university-of-texas-at-austin-police-department-report.pdf | https://police.utexas.edu/sites/default/files/UTPD%202021-2026%20Strategic%20Plan%202021%20Edition.pdf",0.96,Official UT Austin police and university sources show TX2270500 follows the current UTPD-jurisdiction sites and any formally mapped near-campus patrol zone rather than Austin Travis County or a broader UT system proxy.,"Use a custom UT Austin UTPD footprint when available; until then keep broad overlap instead of collapsing to Austin or Travis County."
OR0260300,localize_to_custom_footprint,transport_hub,port_authority_multi_facility_property_system,41,,,,official_local_gis_port_property_polygons_plus_port_official_inventory,"https://services.arcgis.com/quVN97tn06YNGj9s/ArcGIS/rest/services/Public_Map_Layers/FeatureServer/25/query?where=1%3D1&outFields=OBJECTID_1%2CSITECITY%2COWNER1%2CSITEADDR&returnGeometry=true&f=geojson | https://www.portofportland.com/Commercial | https://www.portofportland.com/Marine | https://www.portofportland.com/PortlandAirport | https://www.portofportland.com/HIO | https://www.portofportland.com/TTD | https://www.portofportland.com/Terminal4 | https://www.portofportland.com/Terminal5 | https://www.portofportland.com/Terminal6 | https://www.portofportland.com/aircargo",0.97,Official Port and Oregon sources show OR0260300 follows the current Port of Portland property system across airports marine terminals cargo facilities and business or industrial properties rather than Portland or Multnomah County.,"Use a custom discontiguous Port-property footprint built from the official Port of Portland Properties polygon query and QA'd against current Port-hosted facility pages; until that footprint is implemented in overlap_custom_footprints.csv keep broad overlap rather than forcing a Portland Multnomah or PDX-only proxy."
CA0371500,localize_to_custom_footprint,transport_hub,port_bay_airport_tidelands_custom_boundary,06,,,,official_port_gis_boundary_and_property_sources,"https://services2.arcgis.com/kvy1JT30Izby5wgm/arcgis/rest/services/Port_Administrative_Boundary/FeatureServer/0/query?where=1%3D1&outFields=featureName%2CfeatureDescription&returnGeometry=true&outSR=4326&f=geojson | https://services2.arcgis.com/kvy1JT30Izby5wgm/ArcGIS/rest/services/Port_Property_Boundaries/FeatureServer/0 | https://www.portofsandiego.org/public-safety/harbor-police-faq | https://pantheonstorage.blob.core.windows.net/administration/San-Diego-Unified-Port-District-Act.pdf",0.97,Official Port GIS and Harbor Police sources tie CA0371500 to the Port's San Diego Bay tidelands waterfront airport and maritime facility footprint rather than San Diego city or San Diego County.,"Use the official Port Administrative Boundary as the primary custom footprint and Port Property Boundaries only as supplemental land-edge QA; do not collapse this ORI to a city or county proxy."
OH0252700,localize_to_custom_footprint,campus,osu_columbus_primary_campus_property_and_adjacent_public_property_footprint,39,,,,official_osu_public_safety_mutual_aid_and_campus_planning_sources,"https://dps.osu.edu/police | https://dps.osu.edu/report-crime | https://dps.osu.edu/crime/clery-act | https://dps.osu.edu/sites/default/files/documents/annual_security_fire_safety_report.pdf | https://usg.osu.edu/posts/documents/doc_9192012_19729578.pdf | https://dps.osu.edu/news/2024/08/19/joint-patrol-program-expands-increasing-campus-police-presence | https://dps.osu.edu/divisions/wexner-medical-center-security | https://faculty.osu.edu/sites/default/files/documents/columbus-campus-map.pdf | https://pare.osu.edu/sites/default/files/framework.pdf | https://codes.ohio.gov/ohio-revised-code/section-3345.041",0.95,Official Ohio State police mutual-aid Clery and campus-planning sources show OH0252700 follows a bounded Columbus-campus property system rather than Columbus city Franklin County or the off-campus University District.,"Use a custom Ohio State Columbus-campus footprint built from the official campus map and campus-planning materials plus immediately adjacent public-property edges; do not use Columbus or Franklin County as proxies and do not auto-include University District joint-patrol territory or generic Clery noncampus / remote Wexner sites."
