ori,state_fips,state_abbr,agency_name_std,leaic_lg_name,est_total_2024,match_status,aiannh_codes,aiannh_names,comptyp_included,footprint_pop20_in_state,n_blocks_in_state,match_basis,reviewer_note
WADI05700,53,WA,COLVILLE TRIBAL,CONFEDERATED TRIBES OF THE COLVILLE RESERVATION,76.36363636363636,matched,0760,Colville Reservation,R;T,7807,940,leaic_lg_name 'CONFEDERATED TRIBES OF THE COLVILLE RESERVATION' == AIANNH NAME 'Colville',Same footprint as WA0241400.
MTDI06200,30,MT,ROCKY BOY S TRIBAL,CHIPPEWA CREE TRIBE,36.0,matched,3205,Rocky Boy's Reservation,R;T,3639,210,"agency_name_std ""ROCKY BOY S TRIBAL"" == AIANNH NAME ""Rocky Boy's""","leaic_lg_name 'CHIPPEWA CREE TRIBE' does not resemble the Census name; the Chippewa Cree Tribe's reservation is Rocky Boy's, and the agency name supplies it. Same footprint as MT0210200 and MTDI05600. COMPTYP FLAG: including off-reservation trust land (T) raises the footprint from 2,007 (R only) to 3,639 (+81%)."
MNDI01900,27,MN,WHITE EARTH TRIBAL,MINNESOTA CHIPPEWA - FOND DU LAC,171.0,matched,4595,White Earth Reservation,R;T,9726,1231,agency_name_std 'WHITE EARTH TRIBAL' == AIANNH NAME 'White Earth',"leaic_lg_name is the generic parent label 'MINNESOTA CHIPPEWA - FOND DU LAC' that LEAIC applies to several Minnesota Chippewa Tribe component bands, so it is not usable identity evidence here; the agency name is. Tribe-wide 'Minnesota Chippewa' trust land (2285, 7 blocks, pop 8) is not attributable to a single band and is excluded from all MCT-band ORIs."
AZ0111500,04,AZ,GILA RIVER INDIAN COMNTY,GILA RIVER PIMA-MARICOPA INDIAN COMMUNITY,836.0804215227065,matched,1310,Gila River Indian Reservation,R,14053,670,leaic_lg_name 'GILA RIVER PIMA-MARICOPA INDIAN COMMUNITY' == AIANNH NAME 'Gila River',
CTDI00200,09,CT,MASHANTUCKET PEQUOT TRBL,MASHANTUCKET PEQUOT TRIBE,102.0,matched,2145,Mashantucket Pequot Reservation,R;T,457,32,leaic_lg_name 'MASHANTUCKET PEQUOT TRIBE' == AIANNH NAME 'Mashantucket Pequot',"Distinct from the state-recognised Paucatuck Eastern Pequot area (9280, CLASSFP D4) which is a different tribe."
AZ0048900,04,AZ,SAN CARLOS APACHE,SAN CARLOS APACHE TRIBE,862.0,matched,3355,San Carlos Reservation,R,10251,580,leaic_lg_name 'SAN CARLOS APACHE TRIBE' == AIANNH NAME 'San Carlos',"Census area name is 'San Carlos Reservation'; the tribe name carries 'Apache', the area name does not."
NMDI05700,35,NM,ISLETA TRIBAL,PUEBLO OF ISLETA,138.0,matched,1625,Isleta Pueblo,R,3376,323,leaic_lg_name 'PUEBLO OF ISLETA' == AIANNH NAME 'Isleta',
AZ0018900,04,AZ,NAVAJO NATION,NAVAJO NATION,399.0,matched,2430,Navajo Nation Reservation,R;T,94511,9976,leaic_lg_name 'NAVAJO NATION' == AIANNH NAME 'Navajo Nation',"Navajo Nation spans AZ/NM/UT; footprint restricted to the AZ portion per instruction. Three other Navajo ORIs (AZ0038900, AZDI05500, AZDI07200) map to the same AZ footprint - overlapping coverage, do not sum."
KSDI05200,20,KS,SAC AND FOX TRIBAL,SAC AND FOX TRIBE OF KANSAS,8.872188135034962,matched,3285,Sac and Fox Nation Reservation,R;T,68,27,leaic_lg_name 'SAC AND FOX TRIBE OF KANSAS' == AIANNH NAME 'Sac and Fox Nation',"Reservation spans KS/NE; KS portion only. The joint-use area 4910 'Kickapoo (KS) Reservation/Sac and Fox Nation Trust Land' (1 block, pop 0) is excluded to avoid double-counting with KSDI05000; it carries no population. COMPTYP FLAG: including off-reservation trust land (T) raises the footprint from 47 (R only) to 68 (+45%)."
OKDI14000,40,OK,EASTERN SHAWNEE TRIBAL,EASTERN SHAWNEE TRIBE OF OKLAHOMA,61.0,matched,5640,Eastern Shawnee OTSA,R,743,34,OTSA; leaic_lg_name 'EASTERN SHAWNEE TRIBE OF OKLAHOMA' == AIANNH NAME 'Eastern Shawnee',"Footprint is an Oklahoma Tribal Statistical Area (OTSA), a Census statistical area for a tribe without a reservation - NOT a reservation boundary. OTSAs are large and overlap; supervisor must decide separately whether OTSA extent is an acceptable policing footprint."
NC0870200,37,NC,CHEROKEE TRIBAL,EASTERN BAND OF CHEROKEE INDIANS,251.0,matched,0990,Eastern Cherokee Reservation,R,9233,346,leaic_lg_name 'EASTERN BAND OF CHEROKEE INDIANS' == AIANNH NAME 'Eastern Cherokee',
MTDI05300,30,MT,BLACKFEET AGENCY,BLACKFEET TRIBE,92.0,matched,0305,Blackfeet Indian Reservation,R;T,10764,1082,leaic_lg_name 'BLACKFEET TRIBE' == AIANNH NAME 'Blackfeet'; LEAIC ADDRESS_CITY=BROWNING (Blackfeet agency seat),
SD0420200,46,SD,LOWER BRULE TRIBAL,LOWER BRULE SIOUX TRIBE,63.0,matched,2030,Lower Brule Reservation,R;T,1630,94,leaic_lg_name 'LOWER BRULE SIOUX TRIBE' == AIANNH NAME 'Lower Brule',
WADI06700,53,WA,CHEHALIS TRIBAL,CONFEDERATED TRIBES OF THE CHEHALIS RESERVATION,62.0,matched,0575,Chehalis Reservation,R;T,767,89,leaic_lg_name 'CONFEDERATED TRIBES OF THE CHEHALIS RESERVATION' == AIANNH NAME 'Chehalis',
KSDI00200,20,KS,POTAWATOMI TRIBAL,PRAIRIE BAND POTAWATOMI INDIANS,29.0,matched,2980,Prairie Band of Potawatomi Nation Reservation,R,1529,147,leaic_lg_name 'PRAIRIE BAND POTAWATOMI INDIANS' == AIANNH NAME 'Prairie Band of Potawatomi Nation',
NDDI00200,38,ND,FORT TOTTEN AGENCY,SPIRIT LAKE SIOUX,88.0,matched,3935,Spirit Lake Reservation,R,3787,348,leaic_lg_name 'SPIRIT LAKE SIOUX' == AIANNH NAME 'Spirit Lake'; LEAIC ADDRESS_CITY=FORT TOTTEN,agency_name_std 'FORT TOTTEN AGENCY' uses the reservation's former name; the Spirit Lake Tribe (formerly Devils Lake Sioux) reservation was known as Fort Totten (https://www.indianaffairs.nd.gov/spirit-lake-nation).
LADI00600,22,LA,COUSHATTA TRIBAL,COUSHATTA INDIAN TRIBE,72.0,matched,0795,Coushatta Reservation,R;T,94,17,leaic_lg_name 'COUSHATTA INDIAN TRIBE' == AIANNH NAME 'Coushatta',COMPTYP FLAG: including off-reservation trust land (T) raises the footprint from 34 (R only) to 94 (+176%).
OK0581400,40,OK,WYANDOTTE NATION,OTOE-MISSOURIA TRIBE OF OKLAHOMA,35.0,matched,5890,Wyandotte OTSA,R,1869,93,"OTSA; LEAIC NAME 'WYANDOTTE TRIBAL POLICE', COUNTYNAME=OTTAWA, ADDRESS_CITY=WYANDOTTE == AIANNH NAME 'Wyandotte'","leaic_lg_name 'OTOE-MISSOURIA TRIBE OF OKLAHOMA' is a LEAIC data error (the Otoe-Missouria are in Noble/Kay Cos, ~200 miles away); the agency name, county and address all say Wyandotte. Footprint is an Oklahoma Tribal Statistical Area (OTSA), a Census statistical area for a tribe without a reservation - NOT a reservation boundary. OTSAs are large and overlap; supervisor must decide separately whether OTSA extent is an acceptable policing footprint."
UT0240200,49,UT,UINTAH AND OURAY TRIBAL,UNITAH & OURAY AGENCY,34.90909090909091,matched,4390,Uintah and Ouray Reservation,R;T,25192,2281,agency_name_std 'UINTAH AND OURAY TRIBAL' + leaic_lg_name 'UNITAH & OURAY AGENCY' == AIANNH NAME 'Uintah and Ouray',Uintah and Ouray Reservation is almost entirely in UT with a small CO extension; UT portion only.
CO0340200,08,CO,SOUTHERN UTE TRIBAL,SOUTHERN UTE TRIBE,50.0,matched,3925,Southern Ute Reservation,R,12321,656,leaic_lg_name 'SOUTHERN UTE TRIBE' == AIANNH NAME 'Southern Ute',
OKDI18000,40,OK,CHICKASAW NATION,CHICKASAW NATION,930.0,matched,5580,Chickasaw OTSA,R,306460,18164,OTSA; leaic_lg_name 'CHICKASAW NATION' == AIANNH NAME 'Chickasaw',"Footprint is an Oklahoma Tribal Statistical Area (OTSA), a Census statistical area for a tribe without a reservation - NOT a reservation boundary. OTSAs are large and overlap; supervisor must decide separately whether OTSA extent is an acceptable policing footprint."
MTDI00000,30,MT,FLATHEAD TRIBAL,CONFEDERATED SALISH & KOOTENAI TRIBES,112.0,matched,1110,Flathead Reservation,R,30849,2958,agency_name_std 'FLATHEAD TRIBAL' == AIANNH NAME 'Flathead',"leaic_lg_name 'CONFEDERATED SALISH & KOOTENAI TRIBES' names the confederation, whose reservation is the Flathead Reservation. Same footprint as MT0240500."
OK0572600,40,OK,OSAGE NATION,OSAGE NATION,155.0,matched,2595,Osage Reservation,R,45818,3855,leaic_lg_name 'OSAGE NATION' == AIANNH NAME 'Osage',"Not an OTSA: the Osage Reservation is CLASSFP D2, a true reservation coterminous with Osage County OK."
WYDI05000,56,WY,WIND RIVER AGENCY,SHOSHONE ARAPAHO TRIBES,84.0,matched,4610,Wind River Reservation,R;T,25759,1865,leaic_lg_name 'SHOSHONE ARAPAHO TRIBES' -> Wind River Reservation (AIANNH NAME 'Wind River'); LEAIC ADDRESS_CITY=FORT WASHAKIE,"The Eastern Shoshone and Northern Arapaho Tribes share the Wind River Reservation, the only AIANNH area in WY."
MIDI05400,26,MI,BAY MILLS TRIBAL,BAY MILLS INDIAN COMMUNITY OF THE SAULT STE. MARIE,25.0,matched,0170,Bay Mills Reservation,R;T,1032,34,agency_name_std 'BAY MILLS TRIBAL' == AIANNH NAME 'Bay Mills',"leaic_lg_name is the legacy compound 'BAY MILLS INDIAN COMMUNITY OF THE SAULT STE. MARIE', which made the naive join tie Sault Ste. Marie (3635) with Bay Mills. Bay Mills Indian Community is a separate tribe from the Sault Ste. Marie Tribe of Chippewa Indians (MIDI05200) and has its own reservation."
SD0080100,46,SD,CROW CREEK TRIBAL,CROW CREEK SIOUX TRIBE,61.0,matched,0855,Crow Creek Reservation,R,2054,151,leaic_lg_name 'CROW CREEK SIOUX TRIBE' == AIANNH NAME 'Crow Creek',
ID0030300,16,ID,FORT HALL TRIBAL,SHOSHONE-BANNOCK TRIBE,157.0,matched,1185,Fort Hall Reservation,R;T,5977,771,agency_name_std 'FORT HALL TRIBAL' + leaic_lg_name 'SHOSHONE-BANNOCK TRIBE' == AIANNH NAME 'Fort Hall',The Shoshone-Bannock Tribes' reservation is the Fort Hall Reservation; agency name supplies the Census-side name.
CADIT0200,06,CA,YUROK TRIBAL,YUROK RESERVATION,51.0,matched,4760,Yurok Reservation,R,1236,242,agency_name_std 'YUROK TRIBAL' + leaic_lg_name 'YUROK RESERVATION' == AIANNH NAME 'Yurok',
SD0540200,46,SD,SISSETON WAHPETON TRIBAL,SISSETON-WAHPETON SIOUX TRIBE,115.0,matched,1860,Lake Traverse Reservation,R;T,10837,2071,leaic_lg_name 'SISSETON-WAHPETON SIOUX TRIBE' -> Lake Traverse Reservation (AIANNH NAME 'Lake Traverse'); tribe name and Census area name differ,"Name mismatch by design: the Sisseton-Wahpeton Oyate's reservation is the Lake Traverse Reservation (https://www.swo-nsn.gov/, https://en.wikipedia.org/wiki/Lake_Traverse_Indian_Reservation). Zero useful token overlap, so the naive join produced only a spurious 'SIOUX' hit on Shakopee Mdewakanton. Reservation spans SD/ND; SD portion only (pop 10,837 of 11,043)."
ALDI00300,01,AL,POARCH CREEK TRIBAL,POARCH CREEK INDIANS,342.0,matched,2865,Poarch Creek Reservation,R;T,281,23,leaic_lg_name 'POARCH CREEK INDIANS' == AIANNH NAME 'Poarch Creek',"AL portion only; Poarch Creek also holds off-reservation trust land in FL (AIANNHCE 2865 COMPTYP T, pop 6) which is excluded. COMPTYP FLAG: including off-reservation trust land (T) raises the footprint from 185 (R only) to 281 (+52%)."
NB0870200,31,NE,OMAHA TRIBAL,OMAHA TRIBE OF NEBRASKA,42.0,matched,2550,Omaha Reservation,R,4526,643,leaic_lg_name 'OMAHA TRIBE OF NEBRASKA' == AIANNH NAME 'Omaha',Omaha Reservation spans NE/IA; NE portion only.
WADI01200,53,WA,SHOALWATER BAY TRIBAL,SHOALWATER BAY TRIBE,6.0,matched,3780,Shoalwater Bay Indian Reservation,R;T,82,14,leaic_lg_name 'SHOALWATER BAY TRIBE' == AIANNH NAME 'Shoalwater Bay',COMPTYP FLAG: including off-reservation trust land (T) raises the footprint from 61 (R only) to 82 (+34%).
AZDI06700,04,AZ,HUALAPAI TRIBAL,HUALAPAI TRIBE,39.0,matched,1545,Hualapai Indian Reservation,R;T,1299,261,leaic_lg_name 'HUALAPAI TRIBE' == AIANNH NAME 'Hualapai',AZDI06000 (BIA Truxton Canon Agency) maps to the same footprint.
WADI01400,53,WA,NOOKSACK TRIBAL,NOOKSACK TRIBE,12.0,matched,2475,Nooksack Reservation,R;T,876,78,leaic_lg_name 'NOOKSACK TRIBE' == AIANNH NAME 'Nooksack',COMPTYP FLAG: the reservation (R) component has 2020 population 0 in this state (2 blocks); the entire 876-person footprint comes from off-reservation trust land (T).
SD0560200,46,SD,PINE RIDGE SIOUX TRIBAL,OGLALA SIOUX TRIBE,110.39999999999999,matched,2810,Pine Ridge Reservation,R,18847,1459,agency_name_std 'PINE RIDGE SIOUX TRIBAL' + leaic_lg_name 'OGLALA SIOUX TRIBE' == AIANNH NAME 'Pine Ridge',Same footprint as SDDI01000.
WADI05800,53,WA,YAKAMA NATION,CONFEDERATED TRIBES OF THE YAKAMA RESERVATION,265.0,matched,4690,Yakama Nation Reservation,R;T,31591,1729,leaic_lg_name 'CONFEDERATED TRIBES OF THE YAKAMA RESERVATION' == AIANNH NAME 'Yakama Nation',
WI0451200,55,WI,ONEIDA TRIBAL,ONEIDA TRIBE OF INDIANS OF WISCONSIN,134.0,matched,2560,Oneida (WI) Reservation,R;T,27110,529,leaic_lg_name 'ONEIDA TRIBE OF INDIANS OF WISCONSIN' == AIANNH NAME 'Oneida (WI)',"Distinct from the Oneida Indian Nation of New York (2555, NYDI02100)."
NM0330300,35,NM,LAGUNA TRIBAL,PUEBLO OF LAGUNA,37.0,matched,1840,Laguna Pueblo,R;T,3985,659,leaic_lg_name 'PUEBLO OF LAGUNA' == AIANNH NAME 'Laguna',Same footprint as NM0320500.
NVDI05700,32,NV,PYRAMID LAKE TRIBAL,PYRAMID LAKE PAIUTE,13.0,matched,3010,Pyramid Lake Paiute Reservation,R,1933,224,leaic_lg_name 'PYRAMID LAKE PAIUTE' == AIANNH NAME 'Pyramid Lake Paiute',
IDDI00900,16,ID,COEUR D ALENE TRIBAL,COEUR D'ALENE TRIBE,27.0,matched,0705,Coeur d'Alene Reservation,R,7567,734,"leaic_lg_name ""COEUR D'ALENE TRIBE"" == AIANNH NAME ""Coeur d'Alene""",
MTDI05500,30,MT,FT PCK ASSINIBOINE SIOUX,ASSINBOINE AND SIOUX TRIBES OF THE FORT PECK INDIA,20.0,matched,1250,Fort Peck Indian Reservation,R;T,9988,1347,leaic_lg_name 'ASSIN[I]BOINE AND SIOUX TRIBES OF THE FORT PECK INDIA[N RESERVATION]' == AIANNH NAME 'Fort Peck',
MTDI05000,30,MT,CROW AGENCY,CROW TRIBE,41.14285714285714,matched,0845,Crow Reservation,R;T,6974,1420,leaic_lg_name 'CROW TRIBE' == AIANNH NAME 'Crow',
IDDI00400,16,ID,NEZ PERCE TRIBAL,NEZ PERCE TRIBE,26.0,matched,2445,Nez Perce Reservation,R,18403,1723,leaic_lg_name 'NEZ PERCE TRIBE' == AIANNH NAME 'Nez Perce',
MTDI05100,30,MT,NORTHERN CHEYENNE AGENCY,NORTHERN CHEYENNE TRIBE,42.0,matched,2490,Northern Cheyenne Indian Reservation,R;T,4456,336,leaic_lg_name 'NORTHERN CHEYENNE TRIBE' == AIANNH NAME 'Northern Cheyenne'; LEAIC ADDRESS_CITY=LAME DEER,Northern Cheyenne also has 4 trust-land blocks in SD (pop 0); MT portion only.
OKDI05500,40,OK,OTOE MISSOURIA TRIBAL,OTOE-MISSOURIA TRIBE OF OKLAHOMA,5.2409604615874565,matched,5760,Otoe-Missouria OTSA,R,810,242,OTSA; leaic_lg_name 'OTOE-MISSOURIA TRIBE OF OKLAHOMA' == AIANNH NAME 'Otoe-Missouria',"Same footprint as OKDIT1500. Footprint is an Oklahoma Tribal Statistical Area (OTSA), a Census statistical area for a tribe without a reservation - NOT a reservation boundary. OTSAs are large and overlap; supervisor must decide separately whether OTSA extent is an acceptable policing footprint."
MEDI00300,23,ME,PASSAMAQUODDY INDIAN TWP,PASSAMAQUODDY TRIBE - INDIAN TOWNSHIP,14.0,matched,1575,Indian Township Reservation,R,760,45,agency_name_std 'PASSAMAQUODDY INDIAN TWP' + leaic_lg_name 'PASSAMAQUODDY TRIBE - INDIAN TOWNSHIP' == AIANNH NAME 'Indian Township',"The Passamaquoddy Tribe has two reservations coded separately (Indian Township 1575, Pleasant Point 2850); this ORI is the Indian Township one. The tribe-wide 'Passamaquoddy Trust Land' area (2695, 112 blocks, pop 4) is not attributable to either reservation PD and is excluded from all three Passamaquoddy ORIs. Same footprint as ME0151200."
NM0210400,35,NM,OHKAY OWINGEH TRIBAL,PUEBLO OF SAN JUAN,27.0,matched,2510,Ohkay Owingeh,R,6580,306,agency_name_std 'OHKAY OWINGEH TRIBAL' == AIANNH NAME 'Ohkay Owingeh',leaic_lg_name 'PUEBLO OF SAN JUAN' is the pueblo's former name; Ohkay Owingeh is the current name and the one Census uses.
ORDI05000,41,OR,WARM SPRINGS TRIBAL,CONFEDERATED TRIBES OF THE WARM SPRINGS RESERVATIO,43.0,matched,4545,Warm Springs Reservation,R;T,3403,591,leaic_lg_name 'CONFEDERATED TRIBES OF THE WARM SPRINGS RESERVATIO[N]' == AIANNH NAME 'Warm Springs',
NVDI05100,32,NV,EASTERN NEVADA AGENCY,TE-MOAK TRIBE OF WESTERN SHOSHONE - SOUTH FORK,18.0,ambiguous,,,,0,0,BIA Eastern Nevada Agency is a multi-tribe BIA agency; leaic_lg_name names only 'TE-MOAK TRIBE OF WESTERN SHOSHONE - SOUTH FORK' while LEAIC ADDRESS_CITY is OWYHEE (Duck Valley),"AMBIGUOUS: BIA Eastern Nevada Agency serves the four Te-Moak bands - Battle Mountain (0165), Elko (1005), South Fork (3930), Wells (4580) - plus Ely Shoshone (1040), Goshute (1340), Duckwater (0975) and the Shoshone-Paiute Tribes of Duck Valley (0965) (https://www.bia.gov/regional-offices/western/eastern-nevada-agency). LG_NAME points to South Fork, the address city points to Duck Valley, and six of these areas already have their own tribal-PD ORI in this roster."
AZ0080300,04,AZ,FORT MOJAVE TRIBAL,FORT MOJAVE TRIBE OF ARIZONA,42.0,matched,1235,Fort Mojave Reservation,R,1183,84,leaic_lg_name 'FORT MOJAVE TRIBE OF ARIZONA' == AIANNH NAME 'Fort Mojave',Fort Mojave Reservation spans AZ/CA/NV; AZ portion only.
OKDI06200,40,OK,SEMINOLE NATN LIGHTHORSE,SEMINOLE NATION OF OKLAHOMA,47.99999999999999,matched,5830,Seminole OTSA,R,21656,1417,OTSA; leaic_lg_name 'SEMINOLE NATION OF OKLAHOMA' == AIANNH NAME 'Seminole',"Joint-use OTSA 5915 'Creek/Seminole' (141 blocks, pop 1,900) excluded to avoid double counting with OK0561700. Footprint is an Oklahoma Tribal Statistical Area (OTSA), a Census statistical area for a tribe without a reservation - NOT a reservation boundary. OTSAs are large and overlap; supervisor must decide separately whether OTSA extent is an acceptable policing footprint."
NM0170400,35,NM,RAMAH NAVAJO TRIBAL,RAMAH NAVAJO,7.0,matched,2430,Navajo Nation Reservation,R;T,64571,7971,leaic_lg_name 'RAMAH NAVAJO' -> Navajo Nation (AIANNH NAME 'Navajo Nation'); Ramah is a non-contiguous section of the Navajo Nation Reservation with no separate AIANNHCE,"OVERSTATEMENT WARNING: the 2020 vocabulary has no code for the Ramah section (nor Alamo or Tohajiilee) - they are folded into AIANNHCE 2430. The NM Navajo footprint computed here (64,571) is roughly 20x the Ramah Chapter's actual resident population, and it overlaps NMDI05200. A supervisor should sub-allocate Ramah geographically before use. COMPTYP FLAG: including off-reservation trust land (T) raises the footprint from 40,197 (R only) to 64,571 (+61%)."
NM0210500,35,NM,SANTA CLARA PUEBLO,PUEBLO OF SANTA CLARA,14.0,matched,3495,Santa Clara Pueblo,R;T,11322,391,leaic_lg_name 'PUEBLO OF SANTA CLARA' == AIANNH NAME 'Santa Clara',
WADI00900,53,WA,SUQUAMISH TRIBAL,SUQUAMISH TRIBE,62.0,matched,2925,Port Madison Reservation,R,7929,135,leaic_lg_name 'SUQUAMISH TRIBE' -> Port Madison Reservation (AIANNH NAME 'Port Madison'); tribe name and Census area name differ,"Name mismatch by design: the federal name is 'Suquamish Indian Tribe of the Port Madison Reservation' (https://www.bia.gov/tribe/suquamish-indian-tribe-port-madison-reservation), Kitsap County WA. Zero token overlap, so the programmatic join produced no candidate."
LADI00500,22,LA,TUNICA BILOXI TRIBAL,TUNICA-BILOXI TRIBE,72.0,matched,4315,Tunica-Biloxi Reservation,R;T,106,19,leaic_lg_name 'TUNICA-BILOXI TRIBE' == AIANNH NAME 'Tunica-Biloxi',COMPTYP FLAG: including off-reservation trust land (T) raises the footprint from 77 (R only) to 106 (+38%).
CA0071300,06,CA,KENSINGTON,KENSINGTON POLICE PROTECTION AND COMM SERVICES DIS,73.0,not_tribal,,,,0,0,"Kensington Police Protection and Community Services District, Contra Costa County CA","FALSE POSITIVE of the tribal detector: a California police-protection/community-services district. is_tribal_leaic fired on the LEAIC LG_POPULATION=999999999 sentinel, which marks special districts as well as tribes; tribal_name_wordboundary is False."
NBDI00800,31,NE,SANTEE TRIBAL,SANTEE SIOUX TRIBE OF NEBRASKA,4.363636363636363,matched,3565,Santee Reservation,R,974,152,leaic_lg_name 'SANTEE SIOUX TRIBE OF NEBRASKA' == AIANNH NAME 'Santee',
LA0510600,22,LA,CHITIMACHA TRIBAL,CHITIMACHA INDIAN TRIBE,19.0,matched,0635,Chitimacha Reservation,R,644,16,leaic_lg_name 'CHITIMACHA INDIAN TRIBE' == AIANNH NAME 'Chitimacha',
OKDI00600,40,OK,CHOCTAW NATION,CHOCTAW NATION OF OKLAHOMA,207.0,matched,5590,Choctaw OTSA,R,226984,19306,OTSA; leaic_lg_name 'CHOCTAW NATION OF OKLAHOMA' == AIANNH NAME 'Choctaw',"Footprint is an Oklahoma Tribal Statistical Area (OTSA), a Census statistical area for a tribe without a reservation - NOT a reservation boundary. OTSAs are large and overlap; supervisor must decide separately whether OTSA extent is an acceptable policing footprint."
CA0411900,06,CA,BROADMOOR,BROADMOOR POLICE PROTECTION DISTRICT,47.0,not_tribal,,,,0,0,"Broadmoor Police Protection District, San Mateo County CA",FALSE POSITIVE: California police-protection district. LG_POPULATION=999999999 sentinel; tribal_name_wordboundary False.
WADI06600,53,WA,PORT GAMBLE S KLALLAM TB,PORT GAMBLE S'KLALLAM TRIBE,26.4,matched,2910,Port Gamble Reservation,R;T,750,16,"leaic_lg_name ""PORT GAMBLE S'KLALLAM TRIBE"" == AIANNH NAME 'Port Gamble'","Distinct from the Jamestown S'Klallam area (1655, WADI08200) and from Port Madison (2925, Suquamish)."
AZDI06000,04,AZ,TRUXTON CANON AGENCY,HUALAPAI TRIBE,11.0,matched,1545,Hualapai Indian Reservation,R;T,1299,261,BIA Truxton Canon Agency LE; leaic_lg_name 'HUALAPAI TRIBE'; LEAIC ADDRESS_CITY 'PEACH SPRINGS' (Hualapai capital) == AIANNH NAME 'Hualapai',BIA area agency: Truxton Canon Agency also serves Havasupai (1440) and Yavapai-Prescott (4710); only the Hualapai link is evidenced (LG_NAME + Peach Springs address). Same footprint as AZDI06700.
OK0111200,40,OK,CHEROKEE NATION,CHEROKEE NATION OF OKLAHOMA,152.0,matched,5550,Cherokee OTSA,R,513178,22436,OTSA; leaic_lg_name 'CHEROKEE NATION OF OKLAHOMA' == AIANNH NAME 'Cherokee',"The United Keetoowah Band (OKDI16000) shares this same statistical area but has no AIANNHCE of its own. Footprint is an Oklahoma Tribal Statistical Area (OTSA), a Census statistical area for a tribe without a reservation - NOT a reservation boundary. OTSAs are large and overlap; supervisor must decide separately whether OTSA extent is an acceptable policing footprint."
OK0411800,40,OK,SAC AND FOX TRIBAL,SAC AND FOX NATION OF OKLAHOMA,24.0,matched,5820,Sac and Fox OTSA,R,58358,3072,OTSA; leaic_lg_name 'SAC AND FOX NATION OF OKLAHOMA' == AIANNH NAME 'Sac and Fox',"Footprint is an Oklahoma Tribal Statistical Area (OTSA), a Census statistical area for a tribe without a reservation - NOT a reservation boundary. OTSAs are large and overlap; supervisor must decide separately whether OTSA extent is an acceptable policing footprint."
CA0471000,06,CA,LAKE SHASTINA,LAKE SHASTINA COMMUNITY SERVICES DISTRICT,22.285714285714285,not_tribal,,,,0,0,"Lake Shastina Community Services District PD, Siskiyou County CA","FALSE POSITIVE: California community-services district (a lakeside subdivision), not a tribe. Only weak candidates were AIANNH areas sharing the generic token 'LAKE'."
OK0361800,40,OK,KAW TRIBAL,KAW NATION OF OKLAHOMA,2.4,matched,5690,Kaw OTSA,R,5692,882,OTSA; leaic_lg_name 'KAW NATION OF OKLAHOMA' == AIANNH NAME 'Kaw',"Joint-use OTSA 5950 'Kaw/Ponca' (942 blocks, pop 26,146) excluded to avoid double counting with OK0362000. Footprint is an Oklahoma Tribal Statistical Area (OTSA), a Census statistical area for a tribe without a reservation - NOT a reservation boundary. OTSAs are large and overlap; supervisor must decide separately whether OTSA extent is an acceptable policing footprint."
WADI06400,53,WA,SWINOMISH TRIBAL,SWINOMISH INDIAN TRIBAL COMMUNITY,7.0,matched,4075,Swinomish Reservation,R;T,3228,141,leaic_lg_name 'SWINOMISH INDIAN TRIBAL COMMUNITY' == AIANNH NAME 'Swinomish',
NM0230800,35,NM,SANTA ANA TRIBAL,PUEBLO OF SANTA ANA,63.0,matched,3480,Santa Ana Pueblo,R,684,86,leaic_lg_name 'PUEBLO OF SANTA ANA' == AIANNH NAME 'Santa Ana',"Joint-use area 4930 'San Felipe Pueblo/Santa Ana Pueblo' (9 blocks, pop 0) excluded to avoid double counting; carries no population."
CODI01100,08,CO,UTE MOUNTAIN TRIBAL,UTE MOUNTAIN TRIBE,7.0,matched,4470,Ute Mountain Reservation,R,1478,198,leaic_lg_name 'UTE MOUNTAIN TRIBE' == AIANNH NAME 'Ute Mountain',Ute Mountain Reservation spans CO/NM/UT; CO portion only. Same footprint as CO0420400.
WADI05500,53,WA,SQUAXIN ISLAND TRIBAL,SQUAXIN ISLAND TRIBE,57.0,matched,3955,Squaxin Island Reservation,R;T,509,24,leaic_lg_name 'SQUAXIN ISLAND TRIBE' == AIANNH NAME 'Squaxin Island',COMPTYP FLAG: including off-reservation trust land (T) raises the footprint from 274 (R only) to 509 (+86%).
OKDI05100,40,OK,ANADARKO AGENCY,CADDO INDIAN TRIBE,31.0,matched_multi,5540;5720;5955,Caddo-Wichita-Delaware OTSA;Kiowa-Comanche-Apache-Fort Sill Apache OTSA;Kiowa-Comanche-Apache-Ft Sill Apache/Caddo-Wichita-Delaware joint-use OTSA,R,212443,17876,"OTSA; BIA Anadarko Agency serves the Kiowa, Comanche, Apache, Fort Sill Apache, Caddo, Wichita and Delaware tribes, whose Census areas are exactly Caddo-Wichita-Delaware (5540), Kiowa-Comanche-Apache-Fort Sill Apache (5720) and their joint-use OTSA (5955)","Agency tribe list from https://www.bia.gov/regional-offices/southern-plains/anadarko-agency - all seven served tribes fall inside those three OTSAs, so the agency footprint is well defined even though leaic_lg_name names only the Caddo. OVERLAP: 5720 is also assigned to OKDI15000 (Comanche Nation) - do not sum. Footprint is an Oklahoma Tribal Statistical Area (OTSA), a Census statistical area for a tribe without a reservation - NOT a reservation boundary. OTSAs are large and overlap; supervisor must decide separately whether OTSA extent is an acceptable policing footprint."
OK0632100,40,OK,KICKAPOO TRIBAL,KICKAPOO TRIBE OF OKLAHOMA,22.0,matched,5700,Kickapoo OTSA,R,26259,961,OTSA; leaic_lg_name 'KICKAPOO TRIBE OF OKLAHOMA' == AIANNH NAME 'Kickapoo',"Footprint is an Oklahoma Tribal Statistical Area (OTSA), a Census statistical area for a tribe without a reservation - NOT a reservation boundary. OTSAs are large and overlap; supervisor must decide separately whether OTSA extent is an acceptable policing footprint."
FL0063400,12,FL,SEMINOLE TRIBAL,SEMINOLE INDIAN TRIBE,751.0,matched_multi,0225;0360;0690;1260;1475;1555;3665;4130,Big Cypress Reservation;Brighton Reservation;Coconut Creek Trust Land;Fort Pierce Reservation;Hollywood Reservation;Immokalee Reservation;Seminole (FL) Trust Land;Tampa Reservation,R;T,2352,258,"leaic_lg_name 'SEMINOLE INDIAN TRIBE' -> the eight Seminole Tribe of Florida AIANNH areas (Big Cypress, Brighton, Coconut Creek TL, Fort Pierce, Hollywood, Immokalee, Seminole (FL) TL, Tampa)","The Seminole Tribe of Florida has no single AIANNH area: Census codes each reservation separately. Reservation list confirmed at https://www.bia.gov/tribe/seminole-tribe-florida-previously-listed-seminole-tribe-florida-dania-big-cypress-brighton and https://www.semtribe.com/ (Hollywood, Big Cypress, Brighton, Immokalee, Fort Pierce, Tampa). Miccosukee (2240) is a separate tribe and is excluded. A single-code match on 'Seminole (FL)' (3665) - what the naive join produced - would have given a 0-population trust-land sliver of 1 block."
CA0151400,06,CA,STALLION SPRINGS,STALLION SPRINGS CMTY SERV DT,15.0,not_tribal,,,,0,0,"Stallion Springs Community Services District PD, Kern County CA",FALSE POSITIVE: California community-services district. Weak candidates shared only the generic token 'SPRINGS'.
OK0601100,40,OK,IOWA TRIBAL,IOWA TRIBE OF OKLAHOMA,14.0,matched,5670,Iowa OTSA,R,6602,596,OTSA; leaic_lg_name 'IOWA TRIBE OF OKLAHOMA' == AIANNH NAME 'Iowa',"Same footprint as OKDIT0800. Footprint is an Oklahoma Tribal Statistical Area (OTSA), a Census statistical area for a tribe without a reservation - NOT a reservation boundary. OTSAs are large and overlap; supervisor must decide separately whether OTSA extent is an acceptable policing footprint."
CA0151500,06,CA,BEAR VALLEY,BEAR VALLEY COMMUNITY SERVICES DISTRICT,23.0,not_tribal,,,,0,0,"Bear Valley Community Services District PD, Kern County CA",FALSE POSITIVE: California community-services district. Weak candidates shared only the generic token 'VALLEY'.
NMDI02300,35,NM,JEMEZ PUEBLO,PUEBLO OF JEMEZ,8.0,matched,1685,Jemez Pueblo,R,1991,128,leaic_lg_name 'PUEBLO OF JEMEZ' == AIANNH NAME 'Jemez',
OK0632200,40,OK,CITIZEN POTAWATOMI NATIO,CITIZEN BAND POTAWATOMI NATION,119.0,matched,5600,Citizen Potawatomi Nation-Absentee Shawnee OTSA,R,126987,3721,OTSA; leaic_lg_name 'CITIZEN BAND POTAWATOMI NATION' == AIANNH NAME 'Citizen Potawatomi Nation-Absentee Shawnee',"This OTSA is a single joint area covering both the Citizen Potawatomi Nation and the Absentee-Shawnee Tribe, so it is necessarily shared with OK0632300 - do not sum. Footprint is an Oklahoma Tribal Statistical Area (OTSA), a Census statistical area for a tribe without a reservation - NOT a reservation boundary. OTSAs are large and overlap; supervisor must decide separately whether OTSA extent is an acceptable policing footprint."
NYDI02200,36,NY,ST REGIS TRIBAL,ST REGIS BAND OF MOHAWK INDIANS,17.0,matched,3320,St. Regis Mohawk Reservation,R,3663,31,leaic_lg_name 'ST REGIS BAND OF MOHAWK INDIANS' == AIANNH NAME 'St. Regis Mohawk',Same footprint as NY0162500.
OKDI06000,40,OK,MIAMI AGENCY,MIAMI TRIBE,38.0,ambiguous,,,,0,0,BIA Miami Agency is a multi-tribe BIA agency serving ten northeastern Oklahoma tribes; leaic_lg_name names only 'MIAMI TRIBE',"AMBIGUOUS: BIA Miami Agency serves the Delaware, Eastern Shawnee, Miami, Modoc, Ottawa, Peoria, Quapaw, Seneca-Cayuga, Shawnee and Wyandotte tribes, and BIA law enforcement specifically covers the Modoc, Shawnee, Seneca-Cayuga, Ottawa and Peoria (https://www.bia.gov/regional-offices/eastern-oklahoma/miami-agency). Candidate OTSAs: Miami (5730), Modoc (5740), Ottawa (5770), Peoria (5795), Quapaw (5810), Seneca-Cayuga (5835), Wyandotte (5890), Eastern Shawnee (5640), Miami/Peoria joint (5970). Five of these already have their own tribal-PD ORI in this roster (OKDI00400, OKDI00800, OKDI14000, OK0581400). Cannot pick from the data."
WADI06200,53,WA,PUYALLUP TRIBAL,PUYALLUP TRIBE,527.0,matched,3000,Puyallup Reservation,R;T,54416,860,leaic_lg_name 'PUYALLUP TRIBE' == AIANNH NAME 'Puyallup',"OVERSTATEMENT WARNING: the Puyallup Reservation (pop 54,416) encompasses most of Tacoma and is overwhelmingly non-tribal fee land; the Puyallup Tribal PD does not have general jurisdiction over that whole population. This is the largest footprint in this table and should not be used as a service population without adjustment."
WADI05600,53,WA,MAKAH TRIBAL,MAKAH INDIAN TRIBE,2.0,matched,2085,Makah Indian Reservation,R,1692,113,leaic_lg_name 'MAKAH INDIAN TRIBE' == AIANNH NAME 'Makah',
AZ0140700,04,AZ,COCOPAH TRIBAL,COCOPAH TRIBE,29.0,matched,0695,Cocopah Reservation,R,857,62,leaic_lg_name 'COCOPAH TRIBE' == AIANNH NAME 'Cocopah',
WADI06500,53,WA,UPPER SKAGIT TRIBAL,UPPER SKAGIT TRIBE,23.0,matched,4455,Upper Skagit Reservation,R;T,266,11,leaic_lg_name 'UPPER SKAGIT TRIBE' == AIANNH NAME 'Upper Skagit',
WADI01100,53,WA,SKOKOMISH TRIBAL,SKOKOMISH TRIBAL,18.0,matched,3825,Skokomish Reservation,R;T,724,39,leaic_lg_name 'SKOKOMISH TRIBAL' == AIANNH NAME 'Skokomish',
ORDI00400,41,OR,SILETZ TRIBAL,CONFEDERATED TRIBES OF THE SILETZ RESERVATION,2.0,matched,3795,Siletz Reservation,R;T,685,86,leaic_lg_name 'CONFEDERATED TRIBES OF THE SILETZ RESERVATION' == AIANNH NAME 'Siletz',COMPTYP FLAG: including off-reservation trust land (T) raises the footprint from 361 (R only) to 685 (+90%).
WADI01300,53,WA,STILLAGUAMISH TRIBAL,STILLAGUAMISH TRIBE,31.0,matched,4000,Stillaguamish Reservation,R;T,16,27,leaic_lg_name 'STILLAGUAMISH TRIBE' == AIANNH NAME 'Stillaguamish',COMPTYP FLAG: including off-reservation trust land (T) raises the footprint from 2 (R only) to 16 (+700%).
OK0361900,40,OK,TONKAWA TRIBAL,TONKAWA TRIBE,4.0,matched,5860,Tonkawa OTSA,R,3841,467,OTSA; leaic_lg_name 'TONKAWA TRIBE' == AIANNH NAME 'Tonkawa',"Footprint is an Oklahoma Tribal Statistical Area (OTSA), a Census statistical area for a tribe without a reservation - NOT a reservation boundary. OTSAs are large and overlap; supervisor must decide separately whether OTSA extent is an acceptable policing footprint."
NB0870400,31,NE,WINNEBAGO TRIBAL,WINNEBAGO TRIBE OF NEBRASKA,1.2,matched,4625,Winnebago Reservation,R;T,2737,397,LEAIC NAME 'WINNEBAGO BIA AGENCY' + leaic_lg_name 'WINNEBAGO TRIBE OF NEBRASKA' == AIANNH NAME 'Winnebago',Winnebago Reservation spans NE/IA; NE portion only.
WADI05900,53,WA,LUMMI TRIBAL,LUMMI INDIANS,113.0,matched,2070,Lummi Reservation,R,5748,149,leaic_lg_name 'LUMMI INDIANS' == AIANNH NAME 'Lummi',Same footprint as WA0371000.
OKDI00400,40,OK,MIAMI TRIBAL,MIAMI TRIBE,14.0,matched,5730,Miami OTSA,R,257,23,OTSA; leaic_lg_name 'MIAMI TRIBE' == AIANNH NAME 'Miami',"Joint-use OTSA 5970 'Miami/Peoria' (246 blocks, pop 4,029) excluded to avoid double counting with the Peoria Tribe. Footprint is an Oklahoma Tribal Statistical Area (OTSA), a Census statistical area for a tribe without a reservation - NOT a reservation boundary. OTSAs are large and overlap; supervisor must decide separately whether OTSA extent is an acceptable policing footprint."
AZDI06900,04,AZ,YAVAPAI APACHE NATION,YAVAPAI APACHE TRIBE,12.0,matched,4708,Yavapai-Apache Nation Reservation,R;T,1234,34,leaic_lg_name 'YAVAPAI APACHE TRIBE' == AIANNH NAME 'Yavapai-Apache Nation',"COMPTYP FLAG: including off-reservation trust land (T) raises the footprint from 657 (R only) to 1,234 (+88%)."
MIDI05000,26,MI,KEWEENAW BAY TRIBAL,KEWEENAW BAY INDIAN COMMUNITY OF MICHIGAN,1.6109871816868675,matched,1880,L'Anse Reservation,R;T,3396,231,"leaic_lg_name 'KEWEENAW BAY INDIAN COMMUNITY OF MICHIGAN' -> L'Anse Reservation (AIANNH NAME ""L'Anse""); tribe name and Census area name differ",Name mismatch by design: the Keweenaw Bay Indian Community's reservation is the L'Anse Reservation (Baraga/Marquette Cos MI). The naive join matched only the generic token 'BAY'.
AZDI02300,04,AZ,YAVAPAI PRESCOTT TRIBAL,YAVAPAI-PRESCOTT TRIBE,32.0,matched,4710,Yavapai-Prescott Reservation,R,200,16,leaic_lg_name 'YAVAPAI-PRESCOTT TRIBE' == AIANNH NAME 'Yavapai-Prescott',
NVDI00800,32,NV,FALLON TRIBAL,PAIUTE-SHOSHONE TRIBE OF THE FALLON RESERVATION AN,6.0,matched_multi,1070;1075,Fallon Paiute-Shoshone Colony;Fallon Paiute-Shoshone Reservation,R;T,770,44,leaic_lg_name 'PAIUTE-SHOSHONE TRIBE OF THE FALLON RESERVATION AN[D COLONY]' -> both AIANNH areas named 'Fallon Paiute-Shoshone': 1070 (Colony) and 1075 (Reservation),"Census splits the Fallon Paiute-Shoshone Tribe into two AIANNHCEs sharing the same NAME - 1070 'Fallon Paiute-Shoshone Colony' and 1075 'Fallon Paiute-Shoshone Reservation'. The LEAIC name explicitly covers both ('Reservation and Colony'), so both are included."
OR0301200,41,OR,UMATILLA TRIBAL,CONFEDERATED TRIBES OF THE UMATILLA INDIAN RESERVA,11.0,matched,4405,Umatilla Reservation,R;T,2861,256,leaic_lg_name 'CONFEDERATED TRIBES OF THE UMATILLA INDIAN RESERVA[TION]' == AIANNH NAME 'Umatilla',Umatilla also has 1 trust-land block in WA (pop 0); OR portion only.
NVDI06300,32,NV,WESTERN SHOSHONE TRIBAL,TE-MOAK TRIBE OF WESTERN SHOSHONE,12.0,matched,1005,Elko Colony,R,723,16,"LEAIC NAME 'WESTERN SHOSHONE (ELKO BAND) TRIBAL DEPARTMENT OF [POLICE]', COUNTYNAME=ELKO, ADDRESS_CITY=ELKO == AIANNH NAME 'Elko'",agency_name_std 'WESTERN SHOSHONE TRIBAL' alone is not resolvable (the Te-Moak Tribe of Western Shoshone has four bands); the LEAIC agency name pins the Elko Band. Same footprint as NVDI06700.
OKDI15000,40,OK,COMANCHE NATION,COMANCHE NATION INDIAN TRIBE,48.0,matched,5720,Kiowa-Comanche-Apache-Fort Sill Apache OTSA,R,187646,15472,OTSA; leaic_lg_name 'COMANCHE NATION INDIAN TRIBE' -> AIANNH NAME 'Kiowa-Comanche-Apache-Fort Sill Apache',"The Comanche Nation has no OTSA of its own: Census codes a single joint Kiowa-Comanche-Apache-Fort Sill Apache OTSA, so this footprint is inherently shared with three other tribes and with OKDI05100 (BIA Anadarko Agency) - do not sum. Joint-use OTSA 5955 (836 blocks, pop 9,690) excluded. Footprint is an Oklahoma Tribal Statistical Area (OTSA), a Census statistical area for a tribe without a reservation - NOT a reservation boundary. OTSAs are large and overlap; supervisor must decide separately whether OTSA extent is an acceptable policing footprint."
OK0632300,40,OK,ABSENTEE SHAWNEE TRIBAL,ABSENTEE-SHAWNEE TRIBE OF OKLAHOMA,16.0,matched,5600,Citizen Potawatomi Nation-Absentee Shawnee OTSA,R,126987,3721,OTSA; leaic_lg_name 'ABSENTEE-SHAWNEE TRIBE OF OKLAHOMA' == AIANNH NAME 'Citizen Potawatomi Nation-Absentee Shawnee',"Shared joint OTSA with the Citizen Potawatomi Nation (OK0632200) - do not sum. Footprint is an Oklahoma Tribal Statistical Area (OTSA), a Census statistical area for a tribe without a reservation - NOT a reservation boundary. OTSAs are large and overlap; supervisor must decide separately whether OTSA extent is an acceptable policing footprint."
AZDI06500,04,AZ,AK CHIN TRIBAL,AK CHIN INDIAN COMMUNITY OF PAPAGO INDIANS,29.0,matched,2130,Maricopa (Ak Chin) Indian Reservation,R;T,1070,82,leaic_lg_name 'AK CHIN INDIAN COMMUNITY OF PAPAGO INDIANS' == AIANNH NAME 'Maricopa (Ak Chin)',Census names the area 'Maricopa (Ak Chin) Reservation'; only AZ area containing the 'Ak Chin' token.
OK0362000,40,OK,PONCA TRIBAL,PONCA TRIBE OF OKLAHOMA,9.0,matched,5800,Ponca OTSA,R,1916,274,OTSA; leaic_lg_name 'PONCA TRIBE OF OKLAHOMA' == AIANNH NAME 'Ponca',"Joint-use OTSA 5950 'Kaw/Ponca' (pop 26,146) excluded to avoid double counting with OK0361800. Footprint is an Oklahoma Tribal Statistical Area (OTSA), a Census statistical area for a tribe without a reservation - NOT a reservation boundary. OTSAs are large and overlap; supervisor must decide separately whether OTSA extent is an acceptable policing footprint."
AZDI06600,04,AZ,PASCUA YAQUI TRIBAL,PASCUA YAQUI TRIBE,157.0,matched,2680,Pascua Pueblo Yaqui Reservation,R;T,3466,61,leaic_lg_name 'PASCUA YAQUI TRIBE' == AIANNH NAME 'Pascua Pueblo Yaqui',
NVDI00300,32,NV,RENO SPARKS INDIAN COLNY,RENO-SPARKS INDIAN COLONY,68.0,matched,3130,Reno-Sparks Indian Colony,R;T,944,53,leaic_lg_name 'RENO-SPARKS INDIAN COLONY' == AIANNH NAME 'Reno-Sparks',
NMDI02200,35,NM,POJOAQUE TRIBAL,PUEBLO OF POJOAQUE,21.0,matched,2990,Pueblo of Pojoaque,R;T,3536,125,leaic_lg_name 'PUEBLO OF POJOAQUE' == AIANNH NAME 'Pojoaque',Same footprint as NM0260300.
OR0061000,41,OR,COQUILLE TRIBAL,COQUILLE INDIAN TRIBE,3.0,matched,0775,Coquille Reservation,R,343,41,leaic_lg_name 'COQUILLE INDIAN TRIBE' == AIANNH NAME 'Coquille',
AZDI08100,04,AZ,TONTO APACHE TRIBAL,TONTO APACHE INDIANS,3.0,matched,4235,Tonto Apache Reservation,R;T,130,5,leaic_lg_name 'TONTO APACHE INDIANS' == AIANNH NAME 'Tonto Apache',
NDDI01900,38,ND,THREE AFFILIATED TRIBES,THREE AFFILIATED TRIBES OF THE FORT BERTHOLD RESER,87.0,matched,1160,Fort Berthold Reservation,R,8350,1071,leaic_lg_name 'THREE AFFILIATED TRIBES OF THE FORT BERTHOLD RESER[VATION]' == AIANNH NAME 'Fort Berthold',
SD0200100,46,SD,CHEYENNE RIVER TRIBAL,CHEYENNE RIVER SIOUX TRIBE,99.0,matched,0605,Cheyenne River Reservation,R;T,7639,688,leaic_lg_name 'CHEYENNE RIVER SIOUX TRIBE' == AIANNH NAME 'Cheyenne River',
NDDI00300,38,ND,STANDING ROCK AGENCY,STANDING ROCK SIOUX TRIBE,77.0,matched,3970,Standing Rock Reservation,R,3898,448,leaic_lg_name 'STANDING ROCK SIOUX TRIBE' == AIANNH NAME 'Standing Rock'; LEAIC ADDRESS_CITY=FORT YATES,"Standing Rock Reservation spans ND/SD; ND portion only (pop 3,898 of 7,819 reservation-wide)."
NVDI05000,32,NV,WESTERN NEVADA AGENCY,WASHOE TRIBE,5.0,ambiguous,,,,0,0,"BIA Western Nevada Agency (Stewart, Carson City) is a multi-tribe BIA agency; leaic_lg_name names only 'WASHOE TRIBE'","AMBIGUOUS: BIA Western Nevada Agency serves 16 tribes including Washoe, Fallon, Fort McDermitt, Lovelock, Pyramid Lake, Reno-Sparks, Summit Lake, Walker River, Winnemucca, Yerington and Yomba (https://www.bia.gov/regional-offices/western/western-nevada-agency). Most already have their own tribal-PD ORI in this roster. If a supervisor accepts the LG_NAME as decisive the Washoe footprint would be 0510;0940;3980;4560 - the same footprint already assigned to NV0031000."
NMDI05000,35,NM,NORTHERN PUEBLOS AGENCY,PUEBLO OF POJOAQUE,7.0,ambiguous,,,,0,0,BIA Northern Pueblos Agency (Santa Fe/Espanola) is a multi-pueblo BIA agency; leaic_lg_name names only 'PUEBLO OF POJOAQUE',"AMBIGUOUS: the BIA Northern Pueblos Agency serves eight northern pueblos - candidates Nambe (2400), Picuris (2785), Pojoaque (2990), San Ildefonso (3415), Ohkay Owingeh (2510), Santa Clara (3495), Taos (4140), Tesuque (4170). Six of these already have their own tribal-PD ORI in this roster, so assigning the agency any of them would double-count. LEAIC's single LG_NAME is not sufficient evidence to pick one."
FL0133900,12,FL,MICCOSUKEE TRIBAL,MICCOSUKEE INDIAN TRIBE,32.0,matched,2240,Miccosukee Reservation,R;T,535,23,leaic_lg_name 'MICCOSUKEE INDIAN TRIBE' == AIANNH NAME 'Miccosukee',
OKDI00800,40,OK,QUAPAW TRIBAL,_Undetermined,205.0,matched,5810,Quapaw OTSA,R,4810,539,OTSA; agency_name_std 'QUAPAW TRIBAL' == AIANNH NAME 'Quapaw',"Not in LEAIC (leaic_lg_name '_Undetermined'); matched on agency name. Footprint is an Oklahoma Tribal Statistical Area (OTSA), a Census statistical area for a tribe without a reservation - NOT a reservation boundary. OTSAs are large and overlap; supervisor must decide separately whether OTSA extent is an acceptable policing footprint."
WIDI00300,55,WI,LAC DU FLAMBEAU TRIBAL,,302.0,matched,1825,Lac du Flambeau Reservation,R,3518,256,agency_name_std 'LAC DU FLAMBEAU TRIBAL' == AIANNH NAME 'Lac du Flambeau',Not in LEAIC. Same footprint as WI0640100.
NM0260700,35,NM,TESUQUE PUEBLO,PUEBLO OF TESUQUE,4.0,matched,4170,Tesuque Pueblo,R;T,1173,47,leaic_lg_name 'PUEBLO OF TESUQUE' == AIANNH NAME 'Tesuque',
NM0330400,35,NM,ACOMA TRIBAL,PUEBLO OF ACOMA,89.0,matched,0010,Acoma Pueblo,R;T,3230,337,leaic_lg_name 'PUEBLO OF ACOMA' == AIANNH NAME 'Acoma',Same footprint as NM0320600.
WADI06800,53,WA,TULALIP TRIBAL,TULALIP INDIAN COMMUNITY,291.6,matched,4290,Tulalip Reservation,R;T,10969,372,leaic_lg_name 'TULALIP INDIAN COMMUNITY' == AIANNH NAME 'Tulalip',
CTDI00300,09,CT,MOHEGAN TRIBAL,MOHEGAN TRIBE,119.0,matched,2320,Mohegan Reservation,R,212,16,leaic_lg_name 'MOHEGAN TRIBE' == AIANNH NAME 'Mohegan',
AZ0078900,04,AZ,SALT RIVER TRIBAL,SALT RIVER PIMA-MARICOPA INDIAN COMMUNITY COUNCIL,6.0,matched,3340,Salt River Reservation,R,6321,354,leaic_lg_name 'SALT RIVER PIMA-MARICOPA INDIAN COMMUNITY COUNCIL' == AIANNH NAME 'Salt River',
NMDI07000,35,NM,MESCALERO TRIBAL,MESCALERO APACHE TRIBE,12.0,matched,2205,Mescalero Reservation,R,4022,189,agency_name_std 'MESCALERO TRIBAL' + leaic_lg_name 'MESCALERO APACHE TRIBE' == AIANNH NAME 'Mescalero',"LEAIC's agency NAME for this ORI is the generic 'BIA OFC OF LAW ENFORCEMENT SVCS' with an Albuquerque address, but both name sources that identify a tribe say Mescalero. Same footprint as NM0190400."
MIDI00900,26,MI,POKAGON TRIBAL,POKAGON TRIBE,167.0,matched,2890,Pokagon Reservation,R;T,183,30,leaic_lg_name 'POKAGON TRIBE' == AIANNH NAME 'Pokagon',COMPTYP FLAG: including off-reservation trust land (T) raises the footprint from 6 (R only) to 183 (+2950%).
ORDI01400,41,OR,GRAND RONDE TRIBAL,,68.0,matched,1365,Grand Ronde Community,R;T,604,44,agency_name_std 'GRAND RONDE TRIBAL' == AIANNH NAME 'Grand Ronde',Not in LEAIC (is_tribal_leaic False); matched on agency name.
WADI06100,53,WA,KALISPEL TRIBAL,KALISPEL TRIBE,121.0,matched,1735,Kalispel Reservation,R;T,753,52,leaic_lg_name 'KALISPEL TRIBE' == AIANNH NAME 'Kalispel',COMPTYP FLAG: including off-reservation trust land (T) raises the footprint from 223 (R only) to 753 (+238%).
MIDI05300,26,MI,SAGINAW CHIPPEWA TRIBAL,SAGINAW CHIPPEWA INDIAN TRIBE OF MIGHIGAN,134.0,matched,1610,Isabella Reservation,R;T,25534,1006,"leaic_lg_name 'SAGINAW CHIPPEWA INDIAN TRIBE OF MI[CH]IGAN' + LEAIC COUNTYNAME=ISABELLA, ADDRESS_CITY=MOUNT PLEASANT -> AIANNH NAME 'Isabella'","Name mismatch by design: the Saginaw Chippewa Indian Tribe's reservation is the Isabella Reservation, Mount Pleasant MI (see https://www.michigan.gov/government/branches-of-government/tribal-government). Zero token overlap, so the programmatic join produced no candidate."
MNDI02400,27,MN,MILLE LACS TRIBAL,MINNESOTA CHIPPEWA - FOND DU LAC,72.0,matched,2270,Mille Lacs Reservation,R;T,4767,375,agency_name_std 'MILLE LACS TRIBAL' == AIANNH NAME 'Mille Lacs',"leaic_lg_name is the generic 'MINNESOTA CHIPPEWA - FOND DU LAC' parent label, not this band. MCT-wide trust land 2285 excluded."
WIDI01100,55,WI,LAC COURTE OREILLES TRIB,LAC COURTE OREILLES BAND OF LAKE SUPERIOR CHIPPEWA,62.0,matched,1815,Lac Courte Oreilles Reservation,R;T,2968,379,leaic_lg_name 'LAC COURTE OREILLES BAND OF LAKE SUPERIOR CHIPPEWA' == AIANNH NAME 'Lac Courte Oreilles',
MIDI03000,26,MI,GUN LAKE TRIBAL,_Undetermined,96.0,matched,2150,Match-e-be-nash-she-wish Band of Pottawatomi Reservation,R;T,18,12,"agency_name_std 'GUN LAKE TRIBAL' -> AIANNH NAME 'Match-e-be-nash-she-wish Band of Pottawatomi'; LEAIC COUNTYNAME=ALLEGAN, ADDRESS_CITY=WAYLAND","Name mismatch by design: the Gun Lake Tribe's formal name is the Match-E-Be-Nash-She-Wish Band of Pottawatomi Indians, located in Allegan County near Wayland (https://gunlaketribe-nsn.gov/about/, https://www.itcmi.org/home/tribes/match-e-be-nash-she-wish-band-of-pottawatomi-indians/). Zero token overlap, so the programmatic join produced no candidate. COMPTYP FLAG: the reservation (R) component has 2020 population 0 in this state (2 blocks); the entire 18-person footprint comes from off-reservation trust land (T)."
NV0022000,32,NV,LAS VEGAS PAIUTE TRIBAL,LAS VEGAS TRIBE OF PAIUTE INDIANS,6.0,matched,1915,Las Vegas Indian Colony,R,106,8,leaic_lg_name 'LAS VEGAS TRIBE OF PAIUTE INDIANS' == AIANNH NAME 'Las Vegas',"Census area name is 'Las Vegas Reservation' (the Las Vegas Paiute colony), not the city."
ORDI01500,41,OR,COW CREEK TRIBAL,,39.0,matched,0815,Cow Creek Reservation,R;T,229,232,agency_name_std 'COW CREEK TRIBAL' == AIANNH NAME 'Cow Creek',Not in LEAIC; matched on agency name. COMPTYP FLAG: including off-reservation trust land (T) raises the footprint from 177 (R only) to 229 (+29%).
ME0151100,23,ME,PASSAMAQUODDY PLSNT PT T,PASSAMAQUODDY TRIBE - INDIAN TOWNSHIP,11.0,matched,2850,Pleasant Point Reservation,R,692,26,agency_name_std 'PASSAMAQUODDY PLSNT PT T[RIBAL]' == AIANNH NAME 'Pleasant Point',leaic_lg_name says 'INDIAN TOWNSHIP' but the agency name says Pleasant Point (Sipayik); agency name wins because Census codes the two reservations separately. Passamaquoddy tribe-wide trust land (2695) excluded - see MEDI00300.
MI5596800,26,MI,HANNAHVILLE TRIBAL,HANNAHVILLE INDIAN COMMUNITY OF WISCONSIN POTAWATO,81.0,matched,1410,Hannahville Indian Community,R;T,720,52,leaic_lg_name 'HANNAHVILLE INDIAN COMMUNITY OF WISCONSIN POTAWATO[MI]' == AIANNH NAME 'Hannahville',COMPTYP FLAG: including off-reservation trust land (T) raises the footprint from 325 (R only) to 720 (+122%).
MIDI07000,26,MI,NOTTAWASEPPI HURON PTWTM,NOTTAWASEPPI HURON POTAWATOMI,80.0,matched,1550,Huron Potawatomi Reservation,R;T,62,10,leaic_lg_name 'NOTTAWASEPPI HURON POTAWATOMI' == AIANNH NAME 'Huron Potawatomi',
WADI01000,53,WA,MUCKLESHOOT TRIBAL,MUCKLESHOOT TRIBE,51.0,matched,2375,Muckleshoot Reservation,R;T,4391,89,leaic_lg_name 'MUCKLESHOOT TRIBE' == AIANNH NAME 'Muckleshoot',
IADIT0000,19,IA,MESKWAKI NATION,,20.571428571428573,matched,3280,Sac and Fox/Meskwaki Settlement,R;T,1142,52,agency_name_std 'MESKWAKI NATION' == AIANNH NAME 'Sac and Fox/Meskwaki',Census area name is 'Sac and Fox/Meskwaki Settlement'; the Meskwaki Nation is the Sac and Fox Tribe of the Mississippi in Iowa. Only AIANNH area in IA carrying 'Meskwaki'.
OKDIT1500,40,OK,OTOE MISSOURIA TRIBAL,,24.0,matched,5760,Otoe-Missouria OTSA,R,810,242,OTSA; agency_name_std 'OTOE MISSOURIA TRIBAL' == AIANNH NAME 'Otoe-Missouria',"Same footprint as OKDI05500. Footprint is an Oklahoma Tribal Statistical Area (OTSA), a Census statistical area for a tribe without a reservation - NOT a reservation boundary. OTSAs are large and overlap; supervisor must decide separately whether OTSA extent is an acceptable policing footprint."
WADI00800,53,WA,NISQUALLY TRIBAL,NISQUALLY INDIAN COMMUNITY,42.54545454545454,matched,2460,Nisqually Reservation,R,639,51,leaic_lg_name 'NISQUALLY INDIAN COMMUNITY' == AIANNH NAME 'Nisqually',
WADI05100,53,WA,SPOKANE AGENCY,SPOKANE TRIBE,41.0,matched,3940,Spokane Reservation,R;T,2541,171,"LEAIC NAME 'SPOKANE TRIBAL POLICE DEPARTMENT' + leaic_lg_name 'SPOKANE TRIBE', ADDRESS_CITY=WELLPINIT == AIANNH NAME 'Spokane'","agency_name_std says 'SPOKANE AGENCY' but LEAIC's own agency name is 'Spokane Tribal Police Department' at Wellpinit, the Spokane Reservation seat - a single-reservation link."
WIDI01200,55,WI,ST CROIX TRIBAL,ST CROIX BAND OF LAKE SUPERIOR CHIPPEWA,29.0,matched,3305,St. Croix Reservation,R;T,765,41,leaic_lg_name 'ST CROIX BAND OF LAKE SUPERIOR CHIPPEWA' == AIANNH NAME 'St. Croix',
MNDI07000,27,MN,FOND DU LAC TRIBAL,,27.0,matched,1125,Fond du Lac Reservation,R;T,4180,218,agency_name_std 'FOND DU LAC TRIBAL' == AIANNH NAME 'Fond du Lac',MCT-wide trust land 2285 excluded.
WIDI01000,55,WI,STOCKBRIDGE MUNSEE TRIBL,STOCKBRIDGE-MUNSEE COMMUNITY OF MOHICAN INDIANS,22.0,matched,4015,Stockbridge Munsee Community,R;T,733,83,leaic_lg_name 'STOCKBRIDGE-MUNSEE COMMUNITY OF MOHICAN INDIANS' == AIANNH NAME 'Stockbridge Munsee',
MIDI05500,26,MI,L TRVRS BAY BNDS ODAWA I,LITTLE TRAVERSE BAY BAND OF ODAWA INDIANS,34.90909090909091,matched,1963,Little Traverse Bay Reservation,R;T,92,45,leaic_lg_name 'LITTLE TRAVERSE BAY BAND OF ODAWA INDIANS' == AIANNH NAME 'Little Traverse Bay',
OKDI05200,40,OK,CONCHO AGENCY,CHEYENNE-ARAPAHO TRIBES OF OKLAHOMA,10.0,matched,5560,Cheyenne and Arapaho OTSA,R,186628,16214,OTSA; BIA Concho Agency; leaic_lg_name 'CHEYENNE-ARAPAHO TRIBES OF OKLAHOMA' == AIANNH NAME 'Cheyenne and Arapaho',"Single-tribe BIA agency (Concho OK is the Cheyenne and Arapaho seat). Footprint is an Oklahoma Tribal Statistical Area (OTSA), a Census statistical area for a tribe without a reservation - NOT a reservation boundary. OTSAs are large and overlap; supervisor must decide separately whether OTSA extent is an acceptable policing footprint."
OKDI16000,40,OK,KEETOOWAH TRIBAL,,10.0,no_aiannh,,,,0,0,United Keetoowah Band of Cherokee Indians has no AIANNHCE of its own in the 2020 vocabulary,"NO AIANNH AREA: the UKB is federally recognised and headquartered in Tahlequah OK but Census codes no separate area for it; its jurisdictional/service area coincides with the Cherokee OTSA (5550), which is already assigned to OK0111200 (Cherokee Nation). Assigning 5550 here would double-count the entire 513,178-person OTSA. UKB does hold a small trust parcel in Tahlequah (see https://indianz.com/News/2019/09/09/united-keetoowah-band-celebrates-histori.asp) but it is not separately coded in 2020 TIGER."
MIDI06000,26,MI,LITTLE RVR BND OTTAWA IN,LITTLE RIVER BAND OF OTTAWA INDIANS,24.0,matched,1960,Little River Reservation,R;T,226,28,leaic_lg_name 'LITTLE RIVER BAND OF OTTAWA INDIANS' == AIANNH NAME 'Little River',COMPTYP FLAG: including off-reservation trust land (T) raises the footprint from 8 (R only) to 226 (+2725%).
WIDI01500,55,WI,RED CLIFF TRIBAL,RED CLIFF BAND OF LAKE SUPERIOR CHIPPEWA INDIANS O,14.0,matched,3085,Red Cliff Reservation,R;T,1403,44,leaic_lg_name 'RED CLIFF BAND OF LAKE SUPERIOR CHIPPEWA INDIANS O[F WI]' == AIANNH NAME 'Red Cliff',
MNDI06000,27,MN,LOWER SIOUX TRIBAL,LOWER SIOUX INDIAN COMMUNITY,10.0,matched,2055,Lower Sioux Indian Community,R,534,24,leaic_lg_name 'LOWER SIOUX INDIAN COMMUNITY' == AIANNH NAME 'Lower Sioux',
FL0319000,12,FL,HP INDIAN RIVER COUNTY,State of Florida,36.0,not_tribal,,,,0,0,"Florida Highway Patrol, Indian River County FL","FALSE POSITIVE: 'Indian River County' contains the substring 'Indian'. One of eleven Indian River County, FL agencies in this roster."
CADIT1400,06,CA,SAN PASQUAL BAND OF MISS,,66.0,matched,3460,San Pasqual Reservation,R;T,1270,32,agency_name_std 'SAN PASQUAL BAND OF MISS[ION INDIANS]' == AIANNH NAME 'San Pasqual',
PA0320900,42,PA,COUNTY DETECTIVE INDIAN,INDIANA COUNTY,21.0,not_tribal,,,,0,0,"Indiana County District Attorney's detective bureau, Indiana County PA",FALSE POSITIVE: 'Indiana County' contains the substring 'Indian'. A general-purpose county law-enforcement agency; PA has no AIANNH areas.
CADIT0400,06,CA,SYCUAN TRIBAL,,52.0,matched,4090,Sycuan Reservation,R;T,218,21,agency_name_std 'SYCUAN TRIBAL' == AIANNH NAME 'Sycuan',COMPTYP FLAG: including off-reservation trust land (T) raises the footprint from 99 (R only) to 218 (+120%).
MNDI05100,27,MN,NETT LAKE TRIBAL,MINNESOTA CHIPPEWA - FOND DU LAC,7.5,matched,0335,Bois Forte Reservation,R;T,984,109,"LEAIC NAME 'BU IND AFF LAW ENF IND RESERVATION PD NETT LAKE', COUNTYNAME=KOOCHICHING -> AIANNH NAME 'Bois Forte'",Name mismatch by design: Nett Lake is the principal community of the Bois Forte Reservation (Koochiching/St. Louis Cos MN). leaic_lg_name is again the generic MCT parent label. The naive join matched only 'LAKE'. MCT-wide trust land 2285 excluded.
CADIT1100,06,CA,TABLE MOUNTAIN RANCHERIA,,43.0,matched,4110,Table Mountain Rancheria,R;T,24,13,agency_name_std 'TABLE MOUNTAIN RANCHERIA' == AIANNH NAME 'Table Mountain',COMPTYP FLAG: including off-reservation trust land (T) raises the footprint from 13 (R only) to 24 (+85%).
SCDI00700,45,SC,CATAWBA NATION,,4.8,matched,0525,Catawba Reservation,R;T,849,21,agency_name_std 'CATAWBA NATION' == AIANNH NAME 'Catawba',Not in LEAIC; matched on agency name. Only AIANNH reservation area in SC (the other SC areas are state-designated statistical areas).
AZ007B300,04,AZ,FORT MCDOWELL TRIBAL,FORT MCDOWELL YAPAVI APACHE,6.0,matched,1220,Fort McDowell Yavapai Nation Reservation,R,1152,82,agency_name_std 'FORT MCDOWELL TRIBAL' + leaic_lg_name 'FORT MCDOWELL YAPAVI APACHE' == AIANNH NAME 'Fort McDowell Yavapai Nation',Naive token scoring preferred 'Fort Apache' (FORT+APACHE both present in the misspelled LG name); the correct area is Fort McDowell. Same footprint as AZDI06100.
WADI07000,53,WA,LA PUSH TRIBAL,QUILEUTE TRIBE,5.0,matched,3030,Quileute Reservation,R,404,27,agency_name_std 'LA PUSH TRIBAL' + leaic_lg_name 'QUILEUTE TRIBE' == AIANNH NAME 'Quileute',La Push (La Push WA) is the Quileute Reservation's only community.
NVDI05800,32,NV,MOAPA TRIBAL,MOAPA BAND OF PAIUTE INDIANS,1.7142857142857142,matched,2315,Moapa River Indian Reservation,R,234,31,leaic_lg_name 'MOAPA BAND OF PAIUTE INDIANS' == AIANNH NAME 'Moapa River',
IDDI01100,16,ID,KOOTENAI TRIBAL,,1.0,matched,1800,Kootenai Reservation,R;T,92,30,agency_name_std 'KOOTENAI TRIBAL' == AIANNH NAME 'Kootenai',Kootenai Tribe of Idaho; only AIANNH area in ID carrying 'Kootenai'. Not in LEAIC (is_tribal_leaic False). COMPTYP FLAG: including off-reservation trust land (T) raises the footprint from 63 (R only) to 92 (+46%).
NVDI06400,32,NV,YOMBA SHOSHONE TRIBAL,YOMBA SHOSHONE TRIBE,1.0,matched,4740,Yomba Reservation,R,34,56,leaic_lg_name 'YOMBA SHOSHONE TRIBE' == AIANNH NAME 'Yomba',
TXDI02600,48,TX,ALABAMA COUSHATTA TRIBAL,,8.0,matched,0050,Alabama-Coushatta Reservation,R;T,679,62,agency_name_std 'ALABAMA COUSHATTA TRIBAL' == AIANNH NAME 'Alabama-Coushatta',Not in LEAIC; matched on agency name.
AZ0038900,04,AZ,NAVAJO NATION,NAVAJO NATION,0.0,matched,2430,Navajo Nation Reservation,R;T,94511,9976,leaic_lg_name 'NAVAJO NATION' == AIANNH NAME 'Navajo Nation',AZ portion only. Duplicate coverage with AZ0018900 / AZDI05500 / AZDI07200.
AZ0080700,04,AZ,KAIBAB PAIUTE TRIBAL,KAIBAB BAND OF PAIUTE INDIANS,0.0,matched,1720,Kaibab Indian Reservation,R,221,38,leaic_lg_name 'KAIBAB BAND OF PAIUTE INDIANS' == AIANNH NAME 'Kaibab',
AZ0098900,04,AZ,WHITE MOUNTAIN APACHE TR,WHITE MOUNTAIN APACHE TRIBE,0.0,matched,1140,Fort Apache Reservation,R,14340,976,leaic_lg_name 'WHITE MOUNTAIN APACHE TRIBE' -> Fort Apache Reservation (AIANNH NAME 'Fort Apache'); tribe name and Census area name differ,"Name mismatch by design: the White Mountain Apache Tribe's reservation is the Fort Apache Reservation. Same footprint as AZDI06200 (LEAIC NAME 'WHITERIVER TRIBAL PD', Whiteriver AZ = Fort Apache agency seat)."
AZ0101200,04,AZ,TOHONO O ODHAM NATION,TOHONO O'ODHAM NATION OF ARIZONA,0.0,matched,4200,Tohono O'odham Nation Reservation,R;T,9561,1095,"leaic_lg_name ""TOHONO O'ODHAM NATION OF ARIZONA"" == AIANNH NAME ""Tohono O'odham Nation""",
AZ0141000,04,AZ,QUECHAN TRIBAL,QUECHAN INDIAN TRIBE,0.0,matched,1280,Fort Yuma Indian Reservation,R,22,15,leaic_lg_name 'QUECHAN INDIAN TRIBE' -> Fort Yuma Indian Reservation (AIANNH NAME 'Fort Yuma'); tribe name and Census area name differ,"Name mismatch by design: the Quechan Tribe's reservation is the Fort Yuma Indian Reservation (LEAIC COUNTYNAME=YUMA, ADDRESS_CITY=YUMA). Fort Yuma spans AZ/CA and is overwhelmingly in CA - the AZ portion is only 22 residents in 15 blocks, so this ORI's AZ footprint is a tiny sliver of the reservation."
AZ0150200,04,AZ,COLORADO RIVER TRIBAL,COLORADO RIVER TRIBE,0.0,matched,0735,Colorado River Indian Reservation,R,7036,679,leaic_lg_name 'COLORADO RIVER TRIBE' == AIANNH NAME 'Colorado River',Colorado River Reservation spans AZ/CA; AZ portion only. Same footprint as AZDI05900.
AZDI05200,04,AZ,SAN CARLOS AGENCY,SAN CARLOS APACHE TRIBE,0.0,matched,3355,San Carlos Reservation,R,10251,580,BIA San Carlos Agency LE; leaic_lg_name 'SAN CARLOS APACHE TRIBE'; ADDRESS_CITY 'SAN CARLOS' == AIANNH NAME 'San Carlos',Single-reservation BIA agency. Same footprint as AZ0048900.
AZDI05300,04,AZ,HOPI TRIBAL,HOPI TRIBE,0.0,matched,1505,Hopi Reservation,R;T,6377,1304,leaic_lg_name 'HOPI TRIBE' == AIANNH NAME 'Hopi',
AZDI05500,04,AZ,BIA NAVAJO DIV OF PUBLI,NAVAJO NATION,0.0,matched,2430,Navajo Nation Reservation,R;T,94511,9976,"BIA Navajo Area law enforcement, Window Rock; leaic_lg_name 'NAVAJO NATION' == AIANNH NAME 'Navajo Nation'",AZ portion only. Navajo-Area-wide BIA office; overlaps AZ0018900 / AZ0038900 / AZDI07200.
AZDI05900,04,AZ,COLORADO RIVER AGENCY,COLORADO RIVER TRIBE,0.0,matched,0735,Colorado River Indian Reservation,R,7036,679,"BIA Colorado River Agency LE, Parker AZ (CRIT seat); leaic_lg_name 'COLORADO RIVER TRIBE' == AIANNH NAME 'Colorado River'",BIA area agency: Colorado River Agency also serves Fort Mojave (1235) and Chemehuevi (CA); only the CRIT link is evidenced. Same footprint as AZ0150200.
AZDI06100,04,AZ,FORT MCDOWELL TRIBAL,FORT MCDOWELL YAPAVI APACHE,0.0,matched,1220,Fort McDowell Yavapai Nation Reservation,R,1152,82,agency_name_std 'FORT MCDOWELL TRIBAL' + leaic_lg_name 'FORT MCDOWELL YAPAVI APACHE' == AIANNH NAME 'Fort McDowell Yavapai Nation',Same footprint as AZ007B300.
AZDI06200,04,AZ,FORT APACHE AGENCY,WHITE MOUNTAIN APACHE TRIBE,0.0,matched,1140,Fort Apache Reservation,R,14340,976,LEAIC NAME 'WHITERIVER TRIBAL PD' + leaic_lg_name 'WHITE MOUNTAIN APACHE TRIBE' -> AIANNH NAME 'Fort Apache',Whiteriver AZ is the Fort Apache Reservation agency seat. Same footprint as AZ0098900.
AZDI06300,04,AZ,BIA PIMA AGENCY,AK CHIN INDIAN COMMUNITY OF PAPAGO INDIANS,0.0,ambiguous,,,,0,0,"BIA Pima Agency, Sacaton AZ; LEAIC LG_NAME and agency location disagree","AMBIGUOUS: LEAIC NAME 'BIA DIV LAW ENF PIMA AGENCY SACATON' places it at Sacaton, the Gila River Indian Community capital (candidate 1310 Gila River, pop 14,053); but leaic_lg_name says 'AK CHIN INDIAN COMMUNITY OF PAPAGO INDIANS' (candidate 2130 Maricopa (Ak Chin), pop 1,070). BIA Pima Agency serves both. est_total_2024=0, so no crime mass is lost by leaving this unassigned."
AZDI07200,04,AZ,BIA WESTERN NAVAJO AGEN,,0.0,matched,2430,Navajo Nation Reservation,R;T,94511,9976,agency_name_std 'BIA WESTERN NAVAJO AGEN' -> Navajo Nation (AIANNH NAME 'Navajo Nation'); not present in LEAIC,"BIA Western Navajo Agency (Tuba City AZ) covers only the western sub-agency district of the Navajo Nation, but the 2020 vocabulary has no sub-Nation code, so the mapped footprint is the whole AZ portion and overstates this agency's actual district. Overlaps AZ0018900 / AZ0038900 / AZDI05500."
CADI03900,06,CA,BLUE LAKE TRIBAL,,0.0,matched,0325,Blue Lake Rancheria,R;T,112,8,agency_name_std 'BLUE LAKE TRIBAL' == AIANNH NAME 'Blue Lake',COMPTYP FLAG: including off-reservation trust land (T) raises the footprint from 72 (R only) to 112 (+56%).
CADI09900,06,CA,LA JOLLA TRIBAL,,0.0,matched,1850,La Jolla Reservation,R,145,16,agency_name_std 'LA JOLLA TRIBAL' == AIANNH NAME 'La Jolla',
CADIT0000,06,CA,TULE RIVER TRIBAL,_Undetermined,0.0,matched,4300,Tule River Reservation,R;T,1250,43,agency_name_std 'TULE RIVER TRIBAL' == AIANNH NAME 'Tule River',
CADIT0100,06,CA,HOPLAND TRIBAL,_Undetermined,0.0,matched,1515,Hopland Rancheria,R,249,12,agency_name_std 'HOPLAND TRIBAL' == AIANNH NAME 'Hopland',
CADIT0500,06,CA,LOS COYOTES TRIBAL,,0.0,matched,1995,Los Coyotes Reservation,R,15,18,agency_name_std 'LOS COYOTES TRIBAL' == AIANNH NAME 'Los Coyotes',
CADIT0700,06,CA,ROBINSON RANCHERIA TRIBA,,0.0,matched,3195,Robinson Rancheria,R;T,233,11,agency_name_std 'ROBINSON RANCHERIA TRIBAL' == AIANNH NAME 'Robinson',
CADIT0800,06,CA,HOOPA VALLEY TRIBAL,HOOPA VALLEY TRIBE,0.0,matched,1490,Hoopa Valley Reservation,R,3173,171,leaic_lg_name 'HOOPA VALLEY TRIBE' == AIANNH NAME 'Hoopa Valley',
CADIT0900,06,CA,COYOTE VALLEY TRIBAL,,0.0,matched,0825,Coyote Valley Reservation,R,126,5,agency_name_std 'COYOTE VALLEY TRIBAL' == AIANNH NAME 'Coyote Valley',
CO0040200,08,CO,NAVAJO STATE PARK,State of Colorado,0.0,not_tribal,,,,0,0,"Colorado state park rangers, Navajo State Park, Arboles/Archuleta County CO","FALSE POSITIVE: LEAIC NAME 'NAVAJO ST PARK RANGERS LAW ENF SEC ARBOLES', leaic_lg_name 'State of Colorado'. A state park that happens to be named Navajo, not a tribal agency; no AIANNH blocks anywhere near it."
CO0420400,08,CO,UTE MOUNTAIN TRIBAL PD,UTE MOUNTAIN TRIBE,0.0,matched,4470,Ute Mountain Reservation,R,1478,198,leaic_lg_name 'UTE MOUNTAIN TRIBE' == AIANNH NAME 'Ute Mountain',CO portion only. Same footprint as CODI01100.
DCDI00800,11,DC,US DOI BUREAU OF INDIAN,,0.0,not_tribal,,,,0,0,"US DOI Bureau of Indian Affairs headquarters, Washington DC",NOT a tribal law-enforcement agency with a policing footprint: this is the federal BIA headquarters ORI. Not in the LEAIC crosswalk. DC has no AIANNH areas at all. Field BIA agency ORIs are handled separately and do map to reservations.
DCDI05000,11,DC,BUREAU OF INDIAN AFFAIRS,,0.0,not_tribal,,,,0,0,"Bureau of Indian Affairs headquarters, Washington DC","Same as DCDI00800: federal BIA headquarters ORI, no AIANNH footprint, not in LEAIC, no AIANNH areas exist in DC."
FL0260300,12,FL,SEMINOLE INDIAN PD,State of Florida,0.0,matched,0225,Big Cypress Reservation,R,239,103,"LEAIC NAME 'SEMINOLE PD SEMINOLE IND RESERV CLEWISTON', COUNTYNAME=HENDRY -> Big Cypress Reservation, the only Seminole AIANNH area with blocks in Hendry County (94 of 103 blocks, pop 239)",leaic_lg_name is the placeholder 'State of Florida'. County evidence pins Big Cypress. This is a second Seminole Tribe ORI and its footprint is a subset of FL0063400's - do not sum the two.
FL0310600,12,FL,DOC OIG INDIAN RIVER C,,0.0,not_tribal,,,,0,0,"US DOC Office of Inspector General, Indian River County FL",FALSE POSITIVE: 'Indian River County' substring hit.
FL0314000,12,FL,DEP DLE INDIAN RIVER CO,State of Florida,0.0,not_tribal,,,,0,0,"Florida DEP Division of Law Enforcement, Indian River County FL",FALSE POSITIVE: 'Indian River County' substring hit.
FL0315000,12,FL,DAB T INDIAN RIVER CNTY,State of Florida,0.0,not_tribal,,,,0,0,"Florida Div of Alcoholic Beverages and Tobacco, Indian River County FL",FALSE POSITIVE: 'Indian River County' substring hit.
FL0318000,12,FL,FWCC INDIAN RIVER COUNT,State of Florida,0.0,not_tribal,,,,0,0,"Florida Fish and Wildlife Conservation Commission, Indian River County FL",FALSE POSITIVE: 'Indian River County' substring hit.
FL031DB00,12,FL,INDIAN RIVER CO DIV BEV,State of Florida,0.0,not_tribal,,,,0,0,"Florida Division of Beverage, Indian River County FL",FALSE POSITIVE: 'Indian River County' substring hit.
FL031DL00,12,FL,INDIAN RIVER CO CRIM LAW,State of Florida,0.0,not_tribal,,,,0,0,"Florida criminal law enforcement, Indian River County FL",FALSE POSITIVE: 'Indian River County' substring hit.
FL031GM00,12,FL,INDIAN RIVER CO GAME FWF,State of Florida,0.0,not_tribal,,,,0,0,"Florida Game and Freshwater Fish Commission, Indian River County FL",FALSE POSITIVE: 'Indian River County' substring hit.
FL031HP00,12,FL,INDIAN RIVER HIGHWAY PAT,State of Florida,0.0,not_tribal,,,,0,0,"Florida Highway Patrol, Indian River County FL",FALSE POSITIVE: 'Indian River County' substring hit.
FL031MP00,12,FL,INDIAN RIVER CO MARINE P,State of Florida,0.0,not_tribal,,,,0,0,"Florida marine patrol, Indian River County FL",FALSE POSITIVE: 'Indian River County' substring hit.
KSDI05000,20,KS,KICKAPOO TRIBAL,KICKAPOO TRIBE OF KANSAS,0.0,matched,1770,Kickapoo (KS) Reservation,R,3849,659,leaic_lg_name 'KICKAPOO TRIBE OF KANSAS' == AIANNH NAME 'Kickapoo (KS)',"Joint-use area 4910 (shared with Sac and Fox, 1 block, pop 0) excluded; carries no population."
KSDI05100,20,KS,IOWA TRIBAL,IOWA TRIBE OF KANSAS AND NEBRASKA,0.0,matched,1590,Iowa (KS-NE) Reservation,R;T,168,31,leaic_lg_name 'IOWA TRIBE OF KANSAS AND NEBRASKA' == AIANNH NAME 'Iowa (KS-NE)',Reservation spans KS/NE; KS portion only.
ME0102000,23,ME,PENOBSCOT NATION,PENOBSCOT INDIAN NATION,0.0,matched,2760,Penobscot Reservation,R;T,379,160,leaic_lg_name 'PENOBSCOT INDIAN NATION' == AIANNH NAME 'Penobscot',
ME0151200,23,ME,PASSAMAQUODDY INDIAN TWP,PASSAMAQUODDY TRIBE - INDIAN TOWNSHIP,0.0,matched,1575,Indian Township Reservation,R,760,45,agency_name_std 'PASSAMAQUODDY INDIAN TWP' + leaic_lg_name 'PASSAMAQUODDY TRIBE - INDIAN TOWNSHIP' == AIANNH NAME 'Indian Township',Same footprint as MEDI00300 (duplicate Indian Township ORI). Trust land 2695 excluded.
MADIT0000,25,MA,MASHPEE WAMPANOAG TRIBAL,,0.0,matched,2147,Mashpee Wampanoag Trust Land,T,3,16,agency_name_std 'MASHPEE WAMPANOAG TRIBAL' == AIANNH NAME 'Mashpee Wampanoag',"Trust-land-only entity (CLASSFP D3, COMPTYP T only) - the Mashpee Wampanoag have no reservation component in the 2020 vocabulary, so the footprint is 16 trust-land blocks with pop20=3. Distinct from Wampanoag-Aquinnah (4530), a different tribe. COMPTYP FLAG: this entity has no reservation (R) component at all - trust land only - so the whole 3-person footprint is COMPTYP T."
MI2796700,26,MI,LAC VIEUX DESERT TRIBAL,State of Michigan,0.0,matched,1830,Lac Vieux Desert Reservation,R,221,7,agency_name_std 'LAC VIEUX DESERT TRIBAL' == AIANNH NAME 'Lac Vieux Desert',leaic_lg_name is the placeholder 'State of Michigan'; the agency name is an exact match to the Census area.
MI4596900,26,MI,GRAND TRAVERSE TRIBAL,GRAND TRAVERSE BAND OF OTTOWA AND CHIPPEWA INDIANS,0.0,matched,1370,Grand Traverse Reservation,R;T,595,46,leaic_lg_name 'GRAND TRAVERSE BAND OF OTTOWA AND CHIPPEWA INDIANS' == AIANNH NAME 'Grand Traverse',COMPTYP FLAG: including off-reservation trust land (T) raises the footprint from 5 (R only) to 595 (+11800%).
MIDI05200,26,MI,SAULT STE MARIE TRIBAL,SAULT STE MARIE TRIBE OF CHIPPEWA INDIANS OF MICHI,0.0,matched,3635,Sault Ste. Marie Reservation,R;T,1757,82,leaic_lg_name 'SAULT STE MARIE TRIBE OF CHIPPEWA INDIANS OF MICHI[GAN]' == AIANNH NAME 'Sault Ste. Marie',"COMPTYP FLAG: including off-reservation trust land (T) raises the footprint from 308 (R only) to 1,757 (+470%)."
MNDI00500,27,MN,LEECH LAKE BAND OF OJIBW,MINNESOTA CHIPPEWA - FOND DU LAC,0.0,matched,1940,Leech Lake Reservation,R;T,11388,1179,agency_name_std 'LEECH LAKE BAND OF OJIBW[E]' == AIANNH NAME 'Leech Lake',leaic_lg_name is the generic MCT parent label. MCT-wide trust land 2285 excluded.
MNDI05000,27,MN,RED LAKE AGENCY,RED LAKE BAND OF CHIPPEWA INDIANS OF MINNESOTA,0.0,matched,3100,Red Lake Reservation,R,5506,874,LEAIC NAME 'RED LAKE TRIBAL POLICE' + leaic_lg_name 'RED LAKE BAND OF CHIPPEWA INDIANS OF MINNESOTA' == AIANNH NAME 'Red Lake',agency_name_std says 'RED LAKE AGENCY' but the LEAIC agency name is 'RED LAKE TRIBAL POLICE'; both point to Red Lake.
MSDI05000,28,MS,CHOCTAW TRIBAL,MISSISSIPPI BAND OF CHOCTAW INDIANS,0.0,matched,2300,Mississippi Choctaw Reservation,R;T,8007,300,leaic_lg_name 'MISSISSIPPI BAND OF CHOCTAW INDIANS' == AIANNH NAME 'Mississippi Choctaw',
MT0210200,30,MT,ROCKY BOYS TRIBAL,CHIPPEWA CREE TRIBE,0.0,matched,3205,Rocky Boy's Reservation,R;T,3639,210,"agency_name_std 'ROCKY BOYS TRIBAL' == AIANNH NAME ""Rocky Boy's""","Same footprint as MTDI06200 / MTDI05600. COMPTYP FLAG: including off-reservation trust land (T) raises the footprint from 2,007 (R only) to 3,639 (+81%)."
MT0240500,30,MT,FLATHEAD TRIBAL,CONFEDERATED SALISH & KOOTENAI TRIBES,0.0,matched,1110,Flathead Reservation,R,30849,2958,agency_name_std 'FLATHEAD TRIBAL' == AIANNH NAME 'Flathead',Same footprint as MTDI00000.
MTDI05400,30,MT,FORT BELKNAP TRIBAL,FORT BELKNAP INDIAN COMMUNITY,0.0,matched,1150,Fort Belknap Reservation,R;T,3382,330,leaic_lg_name 'FORT BELKNAP INDIAN COMMUNITY' == AIANNH NAME 'Fort Belknap',
MTDI05600,30,MT,BIA BOX ELDER,CHIPPEWA CREE TRIBE,0.0,matched,3205,Rocky Boy's Reservation,R;T,3639,210,"LEAIC NAME 'BUREAU OF INDIAN AFFAIR ROCKY BOY AGY BOX ELDER' + leaic_lg_name 'CHIPPEWA CREE TRIBE' == AIANNH NAME ""Rocky Boy's""","BIA Rocky Boy Agency at Box Elder MT, a single-reservation agency. The agency_name_std 'BIA BOX ELDER' produced no candidate programmatically. Same footprint as MTDI06200 / MT0210200. COMPTYP FLAG: including off-reservation trust land (T) raises the footprint from 2,007 (R only) to 3,639 (+81%)."
NBDI00300,31,NE,AGATE FOSSIL BEDS,WINNEBAGO TRIBE OF NEBRASKA,0.0,ambiguous,,,,0,0,"Three name sources disagree: roster agency_name_std says 'AGATE FOSSIL BEDS', LEAIC NAME says 'BIA DIV LAW ENF WINNEBAGO AGENCY MACY', leaic_lg_name says 'WINNEBAGO TRIBE OF NEBRASKA'","AMBIGUOUS: the LEAIC name suffix MACY is the Omaha Reservation seat (candidate 2550 Omaha, NE pop 4,526) while LG_NAME and ADDRESS_CITY say Winnebago (candidate 4625 Winnebago, NE pop 2,737); the BIA Winnebago Agency serves both reservations in Thurston County. The roster's own agency_name_std ('Agate Fossil Beds', an NPS unit in Sioux County with no AIANNH area) contradicts both. est_total_2024=0, so no crime mass is lost."
NV0031000,32,NV,WASHOE TRIBAL,WASHOE TRIBE,0.0,matched_multi,0510;0940;3980;4560,Carson Colony;Dresslerville Colony;Stewart Community;Washoe Ranches Trust Land,R;T,4060,301,"leaic_lg_name 'WASHOE TRIBE' -> the Washoe Tribe of Nevada and California's four NV areas: Carson Colony (0510), Dresslerville Colony (0940), Stewart Community (3980), Washoe Ranches Trust Land (4560)","The Washoe Tribe has no single AIANNH area: Census codes each colony/community and the tribe's trust-land ranches separately. NV portion only - the tribe's Woodfords Community is in CA and is excluded. Naive token matching found only 'Washoe Ranches'. COMPTYP FLAG: including off-reservation trust land (T) raises the footprint from 837 (R only) to 4,060 (+385%)."
NV0100200,32,NV,YERINGTON PAIUTE TRIBAL,YERINGTON PAIUTE,0.0,matched,4725,Yerington Colony,R,144,3,leaic_lg_name 'YERINGTON PAIUTE' == AIANNH NAME 'Yerington',
NVDI00500,32,NV,LOVELOCK PAIUTE TRIBAL,LOVELOCK PAIUTE INDIAN TRIBE,0.0,matched,2015,Lovelock Indian Colony,R,95,4,leaic_lg_name 'LOVELOCK PAIUTE INDIAN TRIBE' == AIANNH NAME 'Lovelock',
NVDI00700,32,NV,ELY SHOSHONE TRIBAL,ELY SHOSHONE TRIBE,0.0,matched,1040,Ely Reservation,R,240,20,leaic_lg_name 'ELY SHOSHONE TRIBE' == AIANNH NAME 'Ely',Census area name is 'Ely Colony'.
NVDI05500,32,NV,WALKER RIVER TRIBAL,WALKER RIVER PAIUTE,0.0,matched,4515,Walker River Reservation,R,814,119,leaic_lg_name 'WALKER RIVER PAIUTE' == AIANNH NAME 'Walker River',
NVDI06500,32,NV,SOUTH FORK BAND TRIBAL,TE-MOAK TRIBE OF WESTERN SHOSHONE - Wells,0.0,matched,3930,South Fork Reservation,R;T,98,51,agency_name_std 'SOUTH FORK BAND TRIBAL' == AIANNH NAME 'South Fork',"leaic_lg_name says 'TE-MOAK TRIBE OF WESTERN SHOSHONE - Wells' but the agency name says South Fork Band; the agency name wins because Census codes the Te-Moak bands separately (South Fork 3930, Wells 4580) and NVDI00900 separately covers the Wells Band. Flagged conflict. COMPTYP FLAG: including off-reservation trust land (T) raises the footprint from 69 (R only) to 98 (+42%)."
NVDI06600,32,NV,DUCKWATER TRIBAL,DUCKWATER SHOSHONE TRIBE,0.0,matched,0975,Duckwater Reservation,R,159,34,leaic_lg_name 'DUCKWATER SHOSHONE TRIBE' == AIANNH NAME 'Duckwater',
NVDI06700,32,NV,ELKO BAND TRIBAL,,0.0,matched,1005,Elko Colony,R,723,16,agency_name_std 'ELKO BAND TRIBAL' == AIANNH NAME 'Elko',Not in LEAIC (is_tribal_leaic False). Same footprint as NVDI06300 - duplicate Elko Band ORI.
NM0170300,35,NM,ZUNI TRIBAL,PUEBLO OF ZUNI,0.0,matched,4785,Zuni Reservation,R;T,7460,360,leaic_lg_name 'PUEBLO OF ZUNI' == AIANNH NAME 'Zuni',"Zuni Reservation spans NM/AZ (the AZ part is the Zuni Salt Lake tract, pop 1); NM portion only."
NM0190400,35,NM,MESCALERO APACHE TRIBAL,MESCALERO APACHE TRIBE,0.0,matched,2205,Mescalero Reservation,R,4022,189,leaic_lg_name 'MESCALERO APACHE TRIBE' == AIANNH NAME 'Mescalero',Same footprint as NMDI07000.
NM0210300,35,NM,JICARILLA APACHE TRIBAL,JICARILLA APACHE TRIBE,0.0,matched,1700,Jicarilla Apache Nation Reservation,R;T,3494,797,leaic_lg_name 'JICARILLA APACHE TRIBE' == AIANNH NAME 'Jicarilla Apache Nation',
NM0260200,35,NM,SAN ILDEFONSO PUEBLO,PUEBLO OF SAN ILDEFONSO,0.0,matched,3415,San Ildefonso Pueblo,R;T,1819,70,leaic_lg_name 'PUEBLO OF SAN ILDEFONSO' == AIANNH NAME 'San Ildefonso',
NM0260300,35,NM,POJOAQUE TRIBAL,PUEBLO OF POJOAQUE,0.0,matched,2990,Pueblo of Pojoaque,R;T,3536,125,leaic_lg_name 'PUEBLO OF POJOAQUE' == AIANNH NAME 'Pojoaque',Same footprint as NMDI02200.
NM0290400,35,NM,TAOS PUEBLO,PUEBLO OF TAOS,0.0,matched,4140,Taos Pueblo,R;T,4704,216,leaic_lg_name 'PUEBLO OF TAOS' == AIANNH NAME 'Taos',
NM0320500,35,NM,LAGUNA TRIBAL,PUEBLO OF LAGUNA,0.0,matched,1840,Laguna Pueblo,R;T,3985,659,leaic_lg_name 'PUEBLO OF LAGUNA' == AIANNH NAME 'Laguna',Same footprint as NM0330300.
NM0320600,35,NM,ACOMA TRIBAL,PUEBLO OF ACOMA,0.0,matched,0010,Acoma Pueblo,R;T,3230,337,leaic_lg_name 'PUEBLO OF ACOMA' == AIANNH NAME 'Acoma',Same footprint as NM0330400.
NMDI05200,35,NM,BIA,NAVAJO NATION,0.0,matched,2430,Navajo Nation Reservation,R;T,64571,7971,LEAIC NAME 'BU IN AFF LAW ENF EASTERN NAVAJO AGY CROWNPOINT' + leaic_lg_name 'NAVAJO NATION' == AIANNH NAME 'Navajo Nation',"BIA Eastern Navajo Agency covers only the eastern (NM) sub-agency district; the 2020 vocabulary has no sub-Nation code, so the footprint is the whole NM portion. Overlaps NM0170400 (Ramah Navajo). COMPTYP FLAG: including off-reservation trust land (T) raises the footprint from 40,197 (R only) to 64,571 (+61%)."
NMDI05500,35,NM,PUEBLO OF SANDIA,,0.0,matched,3370,Sandia Pueblo,R,4738,221,agency_name_std 'PUEBLO OF SANDIA' == AIANNH NAME 'Sandia',"Not in LEAIC (is_tribal_leaic False); matched on agency name, and Sandia is the only NM AIANNH area carrying that token."
NY0162500,36,NY,AKWESASNE,ST REGIS BAND OF MOHAWK INDIANS,0.0,matched,3320,St. Regis Mohawk Reservation,R,3663,31,agency_name_std 'AKWESASNE' + leaic_lg_name 'ST REGIS BAND OF MOHAWK INDIANS' == AIANNH NAME 'St. Regis Mohawk',Akwesasne is the Mohawk name for the St. Regis community. Same footprint as NYDI02200; the US-side reservation only (Akwesasne straddles the Canadian border and the Census area covers the US side).
NYDI02100,36,NY,ONEIDA INDIAN NATION,ONEIDA INDIAN NATION,0.0,matched,2555,Oneida Nation Reservation,R,62877,2346,leaic_lg_name 'ONEIDA INDIAN NATION' == AIANNH NAME 'Oneida Nation',"OVERSTATEMENT WARNING: Census's 'Oneida Nation Reservation' (2555) is the ~300,000-acre 1794 treaty reservation boundary in Madison/Oneida Cos NY, pop 62,877 - overwhelmingly non-tribal fee land in which the Oneida Indian Nation police do not have general jurisdiction. The Nation's actual trust/reacquired holdings are a small fraction. Do not treat this footprint as a service population without adjustment."
NDDI00100,38,ND,TURTLE MOUNTAIN AGENCY,TURTLE MOUNTAIN BAND OF CHIPPEWA INDIANS,0.0,matched,4345,Turtle Mountain Reservation,R;T,7605,333,leaic_lg_name 'TURTLE MOUNTAIN BAND OF CHIPPEWA INDIANS' == AIANNH NAME 'Turtle Mountain'; LEAIC ADDRESS_CITY=BELCOURT,"Turtle Mountain also has 2 trust-land blocks in SD (pop 0); ND portion only. COMPTYP FLAG: including off-reservation trust land (T) raises the footprint from 5,113 (R only) to 7,605 (+49%)."
OK0561700,40,OK,MUSCOGEE NATION TRIBAL,MUSCOGEE (CREEK) NATION,0.0,matched,5620,Creek OTSA,R,813184,24302,OTSA; leaic_lg_name 'MUSCOGEE (CREEK) NATION' == AIANNH NAME 'Creek',"Joint-use OTSA 5915 'Creek/Seminole' (pop 1,900) excluded to avoid double counting with OKDI06200. Footprint is an Oklahoma Tribal Statistical Area (OTSA), a Census statistical area for a tribe without a reservation - NOT a reservation boundary. OTSAs are large and overlap; supervisor must decide separately whether OTSA extent is an acceptable policing footprint."
OK0591200,40,OK,PAWNEE TRIBAL,PAWNEE NATION,0.0,matched,5780,Pawnee OTSA,R,15412,1425,OTSA; leaic_lg_name 'PAWNEE NATION' == AIANNH NAME 'Pawnee',"Footprint is an Oklahoma Tribal Statistical Area (OTSA), a Census statistical area for a tribe without a reservation - NOT a reservation boundary. OTSAs are large and overlap; supervisor must decide separately whether OTSA extent is an acceptable policing footprint."
OKDI05300,40,OK,PAWNEE AGENCY,PAWNEE NATION,0.0,ambiguous,,,,0,0,BIA Pawnee Agency is a multi-tribe BIA agency; leaic_lg_name names only 'PAWNEE NATION',"AMBIGUOUS: the BIA Pawnee Agency law-enforcement unit serves the Pawnee, Tonkawa, Otoe-Missouria, Ponca and Kaw tribes (https://www.bia.gov/regional-offices/southern-plains/pawnee-agency). Candidate OTSAs: Pawnee (5780), Tonkawa (5860), Otoe-Missouria (5760), Ponca (5800), Kaw (5690), Kaw/Ponca joint (5950). All five tribes already have their own tribal-PD ORI in this roster. est_total_2024=0, so no crime mass is lost."
OKDIT0800,40,OK,IOWA TRIBAL,,0.0,matched,5670,Iowa OTSA,R,6602,596,OTSA; agency_name_std 'IOWA TRIBAL' == AIANNH NAME 'Iowa',"Not in LEAIC. Same footprint as OK0601100. Footprint is an Oklahoma Tribal Statistical Area (OTSA), a Census statistical area for a tribe without a reservation - NOT a reservation boundary. OTSAs are large and overlap; supervisor must decide separately whether OTSA extent is an acceptable policing footprint."
OR0130300,41,OR,BURNS PAIUTE TRIBAL,BURNS PAIUTE TRIBE OF THE BURNS PAIUTE INDIAN COLO,0.0,matched,0400,Burns Paiute Indian Colony,R;T,133,47,leaic_lg_name 'BURNS PAIUTE TRIBE OF THE BURNS PAIUTE INDIAN COLO[NY]' == AIANNH NAME 'Burns Paiute',
OR0261100,41,OR,TRANSIT DISTRICT POLICE,TRI COUNTY METROPOLITAN TRANSPORTATION DISTRICT OF,0.0,not_tribal,,,,0,0,"TriMet (Tri-County Metropolitan Transportation District of Oregon) transit police, Portland OR",FALSE POSITIVE: is_tribal_leaic fired on the LG_POPULATION=999999999 special-district sentinel; tribal_name_wordboundary is False. A transit district police department.
ORDI06000,41,OR,COLUMBIA RIVER IT FISH E,_Undetermined,0.0,no_aiannh,,,,0,0,Columbia River Inter-Tribal Fisheries Enforcement (CRITFC) - a four-tribe treaty-fishery enforcement body with no AIANNH area of its own,"NO AIANNH AREA: CRITFC enforces treaty fishing regulations for the Nez Perce, Umatilla, Warm Springs and Yakama tribes at in-lieu and treaty fishing access sites along the Columbia River. Its jurisdiction is a set of river access sites, not a reservation or trust-land area, and it has no AIANNHCE. Assigning it the four member tribes' reservations would double-count IDDI00400, OR0301200, ORDI05000 and WADI05800."
RIDI00300,44,RI,NARRAGANSETT TRIBAL,NARRANGANSETT INDIAN TRIBE,0.0,matched,2415,Narragansett Reservation,R,0,25,leaic_lg_name 'NARRA[GA]NSETT INDIAN TRIBE' == AIANNH NAME 'Narragansett',"The Narragansett Reservation has 25 blocks but 2020 population 0 - an unpopulated (per Census) settlement area. Reported as 0, not blank."
SD0110400,46,SD,YANKTON TRIBAL,YANKTON SIOUX TRIBE,0.0,matched,4700,Yankton Reservation,R,6588,1012,leaic_lg_name 'YANKTON SIOUX TRIBE' == AIANNH NAME 'Yankton',
SD0600200,46,SD,ROSEBUD TRIBAL,ROSEBUD SIOUX TRIBE,0.0,matched,3235,Rosebud Indian Reservation,R;T,10570,1535,leaic_lg_name 'ROSEBUD SIOUX TRIBE' == AIANNH NAME 'Rosebud',
SDDI01000,46,SD,OGLALA SIOUX TRIBAL,OGLALA SIOUX TRIBE,0.0,matched,2810,Pine Ridge Reservation,R,18847,1459,leaic_lg_name 'OGLALA SIOUX TRIBE' -> Pine Ridge Reservation (AIANNH NAME 'Pine Ridge'); tribe name and Census area name differ,"Name mismatch by design: the Oglala Sioux Tribe's reservation is Pine Ridge. The naive join produced only a spurious 'SIOUX' hit on Shakopee Mdewakanton (4 blocks, pop 0). Same footprint as SD0560200."
SDDI01700,46,SD,FLANDREAU TRIBAL,FLANDREAU SANTEE SIOUX TRIBE,0.0,matched,1100,Flandreau Reservation,R,415,19,leaic_lg_name 'FLANDREAU SANTEE SIOUX TRIBE' == AIANNH NAME 'Flandreau',
TN0070600,47,TN,SPR INDIAN MOUNTAIN,State of Tennessee,0.0,not_tribal,,,,0,0,"Tennessee state park rangers, Indian Mountain State Park, Jellico/Campbell County TN","FALSE POSITIVE: LEAIC NAME 'ST PARK RNGRS INDIAN MT CAMP PK JELLICO', leaic_lg_name 'State of Tennessee'. A state park named Indian Mountain; TN's only AIANNH block group is unrelated."
TXDI01200,48,TX,YSLETA DEL SUR PUEBLO TB,YSLETA DEL SUR PUEBLO,0.0,matched,4755,Ysleta del Sur Pueblo,R;T,1124,38,leaic_lg_name 'YSLETA DEL SUR PUEBLO' == AIANNH NAME 'Ysleta del Sur',"COMPTYP FLAG: including off-reservation trust land (T) raises the footprint from 303 (R only) to 1,124 (+271%)."
UTDI01700,49,UT,GOSHUTE TRIBAL,EASTERN BAND OF CHEROKEE INDIANS,0.0,matched,1340,Goshute Reservation,R,96,23,"LEAIC NAME 'GOSHUTE TRIBAL POLICE DEPARTMENT', COUNTYNAME=TOOELE, ADDRESS_CITY=IBAPAH == AIANNH NAME 'Goshute'","leaic_lg_name 'EASTERN BAND OF CHEROKEE INDIANS' is a LEAIC data error (that tribe is in North Carolina). The agency name, county and Ibapah address all identify the Confederated Tribes of the Goshute Reservation. Goshute Reservation spans UT/NV; UT portion only."
WA0050900,53,WA,LOWER ELWHA TRIBAL,LOWER ELWHA TRIBE,0.0,matched,2040,Lower Elwha Reservation,R;T,680,57,leaic_lg_name 'LOWER ELWHA TRIBE' == AIANNH NAME 'Lower Elwha',COMPTYP FLAG: including off-reservation trust land (T) raises the footprint from 316 (R only) to 680 (+115%).
WA0241400,53,WA,COLVILLE TRIBAL,CONFEDERATED TRIBES OF THE COLVILLE RESERVATION,0.0,matched,0760,Colville Reservation,R;T,7807,940,leaic_lg_name 'CONFEDERATED TRIBES OF THE COLVILLE RESERVATION' == AIANNH NAME 'Colville',Same footprint as WADI05700.
WA0371000,53,WA,LUMMI TRIBAL,LUMMI INDIANS,0.0,matched,2070,Lummi Reservation,R,5748,149,leaic_lg_name 'LUMMI INDIANS' == AIANNH NAME 'Lummi',Same footprint as WADI05900.
WADI05400,53,WA,QUINAULT INDIAN NATION,QUINAULT INDIAN NATION,0.0,matched,3040,Quinault Reservation,R,1520,185,leaic_lg_name 'QUINAULT INDIAN NATION' == AIANNH NAME 'Quinault',
WADI06300,53,WA,SAUK SUIATTLE TRIBAL,SAUK-SUIATTLE TRIBE,0.0,matched,3625,Sauk-Suiattle Reservation,R,52,3,leaic_lg_name 'SAUK-SUIATTLE TRIBE' == AIANNH NAME 'Sauk-Suiattle',
WADI08200,53,WA,JAMESTOWN S KLALLAM TRBL,JAMESTOWN S'KLALLAM,0.0,matched,1655,Jamestown S'Klallam Reservation,R;T,36,39,"leaic_lg_name ""JAMESTOWN S'KLALLAM"" == AIANNH NAME ""Jamestown S'Klallam""",COMPTYP FLAG: the reservation (R) component has 2020 population 0 in this state (5 blocks); the entire 36-person footprint comes from off-reservation trust land (T).
WADI08300,53,WA,SNOQUALMIE TRIBAL,,0.0,matched,3860,Snoqualmie Reservation,R;T,0,2,agency_name_std 'SNOQUALMIE TRIBAL' == AIANNH NAME 'Snoqualmie',"Not in LEAIC. The Snoqualmie area has only 2 blocks and 2020 population 0; reported as 0, not blank."
WI0400100,55,WI,MENOMINEE TRIBAL,MENOMINEE INDIAN TRIBE OF WISCONSIN,0.0,matched,2175,Menominee Reservation,R;T,3293,481,leaic_lg_name 'MENOMINEE INDIAN TRIBE OF WISCONSIN' == AIANNH NAME 'Menominee',
WI0640100,55,WI,LAC DU FLAMBEAU TRIBAL,LAC DU FLAMBEAU BAND OF LAKE SUPERIOR CHIPPEWA IND,0.0,matched,1825,Lac du Flambeau Reservation,R,3518,256,leaic_lg_name 'LAC DU FLAMBEAU BAND OF LAKE SUPERIOR CHIPPEWA IND[IANS]' == AIANNH NAME 'Lac du Flambeau',Same footprint as WIDI00300.
WIDI01600,55,WI,BAD RIVER TRIBAL,BAD RIVER BAND OF LAKE SUPERIOR CHIPPEWA INDIANS O,0.0,matched,0140,Bad River Reservation,R,1545,140,leaic_lg_name 'BAD RIVER BAND OF LAKE SUPERIOR CHIPPEWA INDIANS O[F WI]' == AIANNH NAME 'Bad River',
AK0012500,02,AK,METLAKATLA TRIBAL,METLAKATLA INDIAN COMMUNITY OF THE ANNETTE ISLAND,0.0,matched,0110,Annette Island Reserve,R,1562,113,leaic_lg_name 'METLAKATLA INDIAN COMMUNITY OF THE ANNETTE ISLAND' == AIANNH NAME 'Annette Island',Annette Island Reserve is the only AIANNH reservation in Alaska; all other AK AIANNH areas are ANVSAs/Hawaiian-style statistical areas.
CA0330400,06,CA,CABAZON,State of California,0.0,matched,0415,Cabazon Reservation,R,192,27,"LEAIC NAME 'CABAZON TRIBAL PD' (Riverside County, ADDRESS_CITY Indio) == AIANNH NAME 'Cabazon'",leaic_lg_name is the placeholder 'State of California' with LG_POPULATION=888888888; the LEAIC agency NAME identifies it as the Cabazon Band tribal PD.
NVDI00900,32,NV,WELLS BAND TRIBAL,TE-MOAK TRIBE OF WESTERN SHOSHONE - Wells,0.0,matched,4580,Wells Colony,R,54,7,agency_name_std 'WELLS BAND TRIBAL' + leaic_lg_name 'TE-MOAK TRIBE OF WESTERN SHOSHONE - Wells' == AIANNH NAME 'Wells',
NM0230500,35,NM,COCHITI LAKE,PUEBLO OF COCHITI,0.0,matched,0680,Pueblo de Cochiti,R,1517,87,"leaic_lg_name 'PUEBLO OF COCHITI' == AIANNH NAME 'Cochiti'; LEAIC NAME 'COCHITI LAKE PD COCHITI', COUNTYNAME=SANDOVAL","The agency name references the Town of Cochiti Lake (LEAIC FPLACE 16560), a municipality built on land leased from Cochiti Pueblo. Whether this ORI is the Pueblo's PD or the town's, the geography lies inside the Cochiti Reservation (0680), so the code is right either way - but if it is the town PD the true footprint is a subset of 0680, not all of it."
MADI01000,25,MA,WAMPANOAG TRIBE GAY HEAD,AQUINNAH TOWN,0.0,matched,4530,Wampanoag-Aquinnah Trust Land,T,86,17,agency_name_std 'WAMPANOAG TRIBE GAY HEAD' == AIANNH NAME 'Wampanoag-Aquinnah' (the Wampanoag Tribe of Gay Head/Aquinnah); only Wampanoag-Aquinnah area in MA,"Trust-land-only (COMPTYP T, CLASSFP D3); there is no R component. 2020 population 86 across 17 blocks. Added 2026-07-30 during the Stage 2 fix batch: the ORI is tribal-flagged and was on Aquinnah town cousub but was absent from the first mapping pass. Zero 2024 mass."
NMDI05100,35,NM,SOUTHERN PUEBLOS AGENCY,_Undetermined,42.0,ambiguous,,,,,,OTSA=no; BIA Southern Pueblos Agency (Albuquerque) is a multi-tribe regional agency; LEAIC LG_NAME is _Undetermined and LG_POPULATION is the 888888888 non-tribal sentinel,"Same class as NMDI05000 NORTHERN PUEBLOS AGENCY: a BIA regional agency serving many southern pueblos, several of which carry their own ORI here, so no single AIANNH area is attributable. Currently resolved to Albuquerque city (place 3502000) by the agency-seat place shortcut, which affirms a false claim about where its 42 counts happened. Added 2026-07-30 during the Stage 2 fix batch."
